"",Symbol,Date,Year,Low,High,Open,Close,Volume
0,SRTRANSFIN,2019-07-29,2019,962.55,990.00,980.80,967.45,1417626
1,SRTRANSFIN,2019-07-30,2019,964.10,982.40,967.50,969.00,1468107
2,SRTRANSFIN,2019-07-31,2019,959.00,975.45,967.85,969.25,1528948
3,SRTRANSFIN,2019-08-01,2019,963.30,984.70,969.00,967.35,1274941
4,SRTRANSFIN,2019-08-02,2019,960.00,981.90,971.90,978.45,1315470
5,SRTRANSFIN,2019-08-05,2019,946.20,981.90,969.65,970.55,1716848
6,SRTRANSFIN,2019-08-06,2019,966.50,991.55,968.80,983.20,1139998
7,SRTRANSFIN,2019-08-07,2019,983.50,1008.00,983.50,997.85,1379243
8,SRTRANSFIN,2019-08-08,2019,992.55,1014.90,1000.00,1002.55,1048216
9,SRTRANSFIN,2019-08-09,2019,1008.40,1065.00,1009.95,1042.15,1567489
10,SRTRANSFIN,2019-08-13,2019,980.05,1048.85,1038.95,987.55,1073790
11,SRTRANSFIN,2019-08-14,2019,995.05,1053.95,999.00,1041.55,2186378
12,SRTRANSFIN,2019-08-16,2019,1019.70,1063.20,1040.00,1032.15,1104085
13,SRTRANSFIN,2019-08-19,2019,1029.35,1059.60,1040.00,1040.20,1056137
14,SRTRANSFIN,2019-08-20,2019,1020.65,1052.15,1045.60,1029.15,925265
15,SRTRANSFIN,2019-08-21,2019,1003.25,1037.45,1030.00,1011.85,668448
16,SRTRANSFIN,2019-08-22,2019,981.35,1009.20,1009.20,986.55,759339
17,SRTRANSFIN,2019-08-23,2019,955.70,1015.00,982.40,1010.35,1966224
18,SRTRANSFIN,2019-08-26,2019,1013.00,1064.40,1035.05,1019.65,2144248
19,SRTRANSFIN,2019-08-27,2019,1008.50,1033.50,1030.00,1019.60,1409979
20,SRTRANSFIN,2019-08-28,2019,980.10,1032.50,1028.40,991.65,1093311
21,SRTRANSFIN,2019-08-29,2019,960.00,987.35,980.00,967.15,1126422
22,SRTRANSFIN,2019-08-30,2019,942.50,981.00,973.00,966.15,1851772
23,SRTRANSFIN,2019-09-03,2019,935.80,975.80,950.00,962.85,1391404
24,SRTRANSFIN,2019-09-04,2019,946.00,987.35,962.00,984.55,1235350
25,SRTRANSFIN,2019-09-05,2019,973.10,999.65,986.85,980.05,991302
26,SRTRANSFIN,2019-09-06,2019,977.60,998.10,982.10,994.90,640061
27,SRTRANSFIN,2019-09-09,2019,985.25,1013.45,985.25,1009.20,1001880
28,SRTRANSFIN,2019-09-11,2019,1009.20,1037.15,1014.80,1034.25,1104303
29,SRTRANSFIN,2019-09-12,2019,1032.45,1059.95,1038.70,1037.90,1150156
30,SRTRANSFIN,2019-09-13,2019,1037.90,1057.20,1039.95,1052.30,803937
31,SRTRANSFIN,2019-09-16,2019,1038.55,1070.00,1040.10,1053.55,900551
32,SRTRANSFIN,2019-09-17,2019,1013.60,1064.80,1048.20,1022.05,657572
33,SRTRANSFIN,2019-09-18,2019,1023.10,1042.15,1034.80,1036.90,540241
34,SRTRANSFIN,2019-09-19,2019,1026.70,1045.00,1038.90,1035.75,975197
35,SRTRANSFIN,2019-09-20,2019,1014.10,1162.85,1044.10,1141.40,2192868
36,SRTRANSFIN,2019-09-23,2019,1140.85,1199.65,1146.00,1167.30,1536390
37,SRTRANSFIN,2019-09-24,2019,1131.00,1172.30,1153.00,1165.65,1160109
38,SRTRANSFIN,2019-09-25,2019,1100.50,1161.75,1150.50,1114.75,1375869
39,SRTRANSFIN,2019-09-26,2019,1096.70,1132.50,1117.00,1102.25,1489914
40,SRTRANSFIN,2019-09-27,2019,1087.80,1117.40,1090.00,1095.00,1136758
41,SRTRANSFIN,2019-09-30,2019,1055.70,1104.00,1095.00,1071.00,1115345
42,SRTRANSFIN,2019-10-01,2019,1026.50,1091.15,1075.00,1045.15,1167059
43,SRTRANSFIN,2019-10-03,2019,1010.00,1058.95,1050.00,1032.25,794503
44,SRTRANSFIN,2019-10-04,2019,1013.00,1043.80,1038.70,1019.60,707596
45,SRTRANSFIN,2019-10-07,2019,1009.10,1075.45,1009.10,1061.95,1706823
46,SRTRANSFIN,2019-10-09,2019,1052.00,1140.00,1064.00,1123.55,1652542
47,SRTRANSFIN,2019-10-10,2019,1073.75,1116.00,1116.00,1081.90,797201
48,SRTRANSFIN,2019-10-11,2019,1055.55,1090.55,1088.65,1060.70,739980
49,SRTRANSFIN,2019-10-14,2019,1036.70,1073.30,1068.00,1044.65,626495
50,SRTRANSFIN,2019-10-15,2019,1028.00,1054.95,1044.65,1050.15,810382
51,SRTRANSFIN,2019-10-16,2019,1029.50,1062.60,1056.70,1039.55,790292
52,SRTRANSFIN,2019-10-17,2019,1021.60,1075.00,1039.00,1070.25,1173683
53,SRTRANSFIN,2019-10-17,2019,1021.60,1075.00,1039.00,1070.25,1173683
54,SRTRANSFIN,2019-10-18,2019,1058.10,1106.40,1062.10,1096.25,1053111
55,SRTRANSFIN,2019-10-22,2019,1080.10,1127.80,1085.55,1117.55,1325369
56,SRTRANSFIN,2019-10-23,2019,1065.80,1126.00,1120.00,1077.55,967006
57,SRTRANSFIN,2019-10-24,2019,1060.00,1093.75,1086.00,1070.80,872403
58,SRTRANSFIN,2019-10-25,2019,1065.40,1133.30,1075.00,1125.15,1362681
59,SRTRANSFIN,2019-10-27,2019,1104.00,1130.00,1130.00,1110.90,68918
60,SRTRANSFIN,2019-10-29,2019,1045.55,1158.00,1045.55,1148.60,1493267
61,SRTRANSFIN,2019-10-30,2019,1130.00,1189.50,1154.10,1155.30,1791810
62,SRTRANSFIN,2019-10-31,2019,1129.00,1167.00,1166.00,1138.65,1000754
63,SRTRANSFIN,2019-11-01,2019,1137.55,1164.90,1145.75,1144.10,761173
64,SRTRANSFIN,2019-11-04,2019,1133.00,1153.20,1145.00,1139.15,595573
65,SRTRANSFIN,2019-11-05,2019,1128.00,1152.20,1139.00,1139.20,528009
66,SRTRANSFIN,2019-11-06,2019,1130.00,1152.65,1137.15,1139.45,984275
67,SRTRANSFIN,2019-11-07,2019,1138.00,1181.55,1152.50,1152.45,1663203
68,SRTRANSFIN,2019-11-08,2019,1111.00,1162.50,1152.45,1116.35,878154
69,SRTRANSFIN,2019-11-11,2019,1112.20,1146.50,1114.70,1119.95,818559
70,SRTRANSFIN,2019-11-13,2019,1119.95,1151.95,1119.95,1131.55,1101927
71,SRTRANSFIN,2019-11-14,2019,1111.75,1141.65,1137.55,1137.25,874225
72,SRTRANSFIN,2019-11-15,2019,1123.25,1147.70,1136.00,1128.25,472909
73,SRTRANSFIN,2019-11-18,2019,1122.95,1136.90,1130.00,1126.35,610704
74,SRTRANSFIN,2019-11-19,2019,1117.90,1130.00,1125.60,1126.10,586375
75,SRTRANSFIN,2019-11-20,2019,1121.00,1138.45,1130.00,1126.50,395206
76,SRTRANSFIN,2019-11-21,2019,1120.05,1144.50,1133.50,1128.85,685740
77,SRTRANSFIN,2019-11-22,2019,1120.50,1146.85,1128.90,1141.20,464664
78,SRTRANSFIN,2019-11-25,2019,1134.45,1155.00,1144.95,1146.30,959996
79,SRTRANSFIN,2019-11-26,2019,1105.15,1154.00,1153.80,1115.40,1563768
80,SRTRANSFIN,2019-11-26,2019,1105.15,1154.00,1153.80,1115.40,1563768
81,SRTRANSFIN,2019-11-27,2019,1118.00,1148.15,1118.00,1136.50,964597
82,SRTRANSFIN,2019-11-28,2019,1128.80,1159.00,1137.90,1144.65,1348965
83,SRTRANSFIN,2019-11-29,2019,1115.50,1149.00,1140.95,1127.20,495859
84,SRTRANSFIN,2019-12-02,2019,1091.35,1130.30,1130.00,1097.40,760933
85,SRTRANSFIN,2019-12-03,2019,1075.45,1102.85,1095.00,1090.35,830532
86,SRTRANSFIN,2019-12-04,2019,1075.70,1109.00,1087.00,1089.10,453152
87,SRTRANSFIN,2019-12-05,2019,1087.30,1123.85,1089.10,1108.80,1108799
88,SRTRANSFIN,2019-12-06,2019,1069.00,1108.80,1108.20,1073.05,499872
89,SRTRANSFIN,2019-12-09,2019,1062.00,1105.00,1071.20,1093.40,668576
90,SRTRANSFIN,2019-12-10,2019,1068.55,1090.00,1083.00,1072.95,443662
91,SRTRANSFIN,2019-12-11,2019,1063.75,1086.10,1070.00,1077.90,618490
92,SRTRANSFIN,2019-12-12,2019,1082.00,1110.00,1084.45,1100.20,827596
93,SRTRANSFIN,2019-12-13,2019,1099.55,1119.70,1106.70,1105.20,877993
94,SRTRANSFIN,2019-12-16,2019,1097.30,1113.55,1103.00,1101.05,570019
95,SRTRANSFIN,2019-12-17,2019,1068.00,1109.00,1083.95,1092.85,1563187
96,SRTRANSFIN,2019-12-18,2019,1081.05,1126.70,1100.00,1113.60,835243
97,SRTRANSFIN,2019-12-19,2019,1113.20,1136.95,1113.60,1132.15,979856
98,SRTRANSFIN,2019-12-20,2019,1121.00,1189.50,1132.10,1182.10,1980512
99,SRTRANSFIN,2019-12-23,2019,1157.75,1183.85,1179.90,1162.65,778709
100,SRTRANSFIN,2019-12-24,2019,1147.50,1163.40,1159.00,1154.00,571334
101,SRTRANSFIN,2019-12-26,2019,1147.90,1167.60,1149.90,1156.15,526070
102,SRTRANSFIN,2019-12-27,2019,1152.95,1169.70,1163.30,1164.65,520751
103,SRTRANSFIN,2019-12-30,2019,1157.25,1176.00,1169.00,1162.80,427869
104,SRTRANSFIN,2019-12-31,2019,1154.10,1177.45,1159.85,1171.10,721700
105,SRTRANSFIN,2020-01-01,2020,1140.10,1177.45,1174.70,1142.45,428045
106,SRTRANSFIN,2020-01-02,2020,1145.00,1163.85,1145.00,1160.45,617425
107,SRTRANSFIN,2020-01-03,2020,1151.00,1167.00,1159.90,1159.90,458679
108,SRTRANSFIN,2020-01-06,2020,1112.20,1152.00,1151.20,1117.10,1093083
109,SRTRANSFIN,2020-01-07,2020,1112.90,1151.00,1121.55,1124.25,440393
110,SRTRANSFIN,2020-01-08,2020,1096.25,1133.95,1100.00,1130.30,484891
111,SRTRANSFIN,2020-01-09,2020,1122.10,1154.15,1139.10,1147.10,863249
112,SRTRANSFIN,2020-01-10,2020,1126.40,1154.45,1149.80,1130.85,631022
113,SRTRANSFIN,2020-01-13,2020,1125.20,1171.90,1136.00,1168.10,897159
114,SRTRANSFIN,2020-01-14,2020,1111.60,1213.40,1164.10,1132.40,2185367
115,SRTRANSFIN,2020-01-15,2020,1080.10,1128.00,1127.40,1098.85,1863138
116,SRTRANSFIN,2020-01-16,2020,1093.20,1112.50,1103.00,1099.15,689901
117,SRTRANSFIN,2020-01-17,2020,1084.65,1111.95,1099.50,1087.75,826315
118,SRTRANSFIN,2020-01-20,2020,1067.35,1113.80,1098.00,1073.40,1213442
119,SRTRANSFIN,2020-01-21,2020,1062.85,1103.80,1071.00,1089.40,1110266
120,SRTRANSFIN,2020-01-22,2020,1071.65,1096.20,1096.20,1075.05,466425
121,SRTRANSFIN,2020-01-23,2020,1075.50,1088.95,1081.75,1084.05,454641
122,SRTRANSFIN,2020-01-24,2020,1081.05,1103.00,1083.00,1083.90,432431
123,SRTRANSFIN,2020-01-27,2020,1071.35,1096.00,1077.00,1080.05,576272
124,SRTRANSFIN,2020-01-28,2020,1056.80,1099.90,1080.00,1079.85,1081391
125,SRTRANSFIN,2020-01-29,2020,1084.80,1121.00,1087.00,1107.25,1311778
126,SRTRANSFIN,2020-01-30,2020,1030.05,1108.35,1107.00,1043.65,1760242
127,SRTRANSFIN,2020-01-31,2020,1016.65,1054.95,1023.40,1020.55,1983266
128,SRTRANSFIN,2020-02-01,2020,980.00,1044.00,1026.90,987.65,597827
129,SRTRANSFIN,2020-02-03,2020,965.55,1005.00,990.00,987.95,1259468
130,SRTRANSFIN,2020-02-04,2020,1031.00,1114.95,1055.00,1049.50,6144054
131,SRTRANSFIN,2020-02-05,2020,1055.00,1140.00,1056.00,1132.95,4549939
132,SRTRANSFIN,2020-02-06,2020,1130.40,1234.50,1132.50,1218.75,6146461
133,SRTRANSFIN,2020-02-07,2020,1193.50,1229.00,1226.30,1223.10,1505197
134,SRTRANSFIN,2020-02-10,2020,1198.55,1226.90,1213.00,1206.90,941765
135,SRTRANSFIN,2020-02-11,2020,1205.20,1261.80,1214.40,1218.80,2266704
136,SRTRANSFIN,2020-02-12,2020,1215.25,1246.10,1218.00,1218.65,1742308
137,SRTRANSFIN,2020-02-13,2020,1213.05,1282.00,1235.00,1262.40,2418390
138,SRTRANSFIN,2020-02-14,2020,1259.05,1295.50,1270.25,1286.40,1682837
139,SRTRANSFIN,2020-02-14,2020,1259.05,1295.50,1270.25,1286.40,1682837
140,SRTRANSFIN,2020-02-17,2020,1270.55,1300.00,1289.00,1279.20,1034112
141,SRTRANSFIN,2020-02-18,2020,1245.35,1281.75,1277.00,1274.00,1027026
142,SRTRANSFIN,2020-02-19,2020,1265.55,1304.05,1270.05,1291.05,1266299
143,SRTRANSFIN,2020-02-19,2020,1265.55,1304.05,1270.05,1291.05,1266299
144,SRTRANSFIN,2020-02-19,2020,1265.55,1304.05,1270.05,1291.05,1266299
145,SRTRANSFIN,2020-02-19,2020,1265.55,1304.05,1270.05,1291.05,1266299
146,SRTRANSFIN,2020-02-19,2020,1265.55,1304.05,1270.05,1291.05,1266299
147,SRTRANSFIN,2020-02-20,2020,1277.00,1359.40,1281.00,1341.30,3319174
148,SRTRANSFIN,2020-02-24,2020,1314.25,1367.00,1340.00,1335.55,2270413
149,SRTRANSFIN,2020-02-25,2020,1310.00,1348.25,1339.95,1322.90,1886399
150,SRTRANSFIN,2020-02-26,2020,1268.05,1318.00,1314.90,1276.95,1815299
151,SRTRANSFIN,2020-02-27,2020,1241.05,1276.95,1276.95,1257.80,2269779
152,SRTRANSFIN,2020-02-28,2020,1166.90,1261.95,1215.00,1196.30,13302481
153,SRTRANSFIN,2020-03-02,2020,1225.00,1358.15,1225.00,1283.60,2613993
154,SRTRANSFIN,2020-03-03,2020,1251.00,1304.75,1285.75,1257.10,1656709
155,SRTRANSFIN,2020-03-03,2020,1251.00,1304.75,1285.75,1257.10,1656709
156,SRTRANSFIN,2020-03-03,2020,1251.00,1304.75,1285.75,1257.10,1656709
157,SRTRANSFIN,2020-03-03,2020,1251.00,1304.75,1285.75,1257.10,1656709
158,SRTRANSFIN,2020-03-03,2020,1251.00,1304.75,1285.75,1257.10,1656709
159,SRTRANSFIN,2020-03-03,2020,1251.00,1304.75,1285.75,1257.10,1656709
160,SRTRANSFIN,2020-03-04,2020,1126.70,1269.90,1269.90,1165.35,5194669
161,SRTRANSFIN,2020-03-04,2020,1126.70,1269.90,1269.90,1165.35,5194669
162,SRTRANSFIN,2020-03-04,2020,1126.70,1269.90,1269.90,1165.35,5194669
163,SRTRANSFIN,2020-03-04,2020,1126.70,1269.90,1269.90,1165.35,5194669
164,SRTRANSFIN,2020-03-04,2020,1126.70,1269.90,1269.90,1165.35,5194669
165,SRTRANSFIN,2020-03-05,2020,1127.35,1199.00,1177.00,1174.65,3595642
166,SRTRANSFIN,2020-03-06,2020,998.65,1129.00,1126.00,1105.30,3430832
167,SRTRANSFIN,2020-03-09,2020,977.05,1058.25,1047.00,987.65,3544596
168,SRTRANSFIN,2020-03-11,2020,951.30,1015.45,960.10,988.15,2795460
169,SRTRANSFIN,2020-03-12,2020,830.60,958.00,958.00,841.40,3084249
170,SRTRANSFIN,2020-03-13,2020,716.85,878.45,763.00,826.00,2748453
171,SRTRANSFIN,2020-03-16,2020,748.85,853.15,788.00,763.65,3081573
172,SRTRANSFIN,2020-03-17,2020,763.00,829.35,765.00,776.90,3440837
173,SRTRANSFIN,2020-03-18,2020,677.10,799.50,799.50,687.30,3406105
174,SRTRANSFIN,2020-03-19,2020,586.00,731.20,660.00,622.65,3648384
175,SRTRANSFIN,2020-03-20,2020,569.80,664.75,637.00,580.90,4242418
176,SRTRANSFIN,2020-03-23,2020,440.00,550.00,522.85,452.05,2208926
177,SRTRANSFIN,2020-03-24,2020,441.05,518.55,448.00,484.90,3570811
178,SRTRANSFIN,2020-03-25,2020,453.40,580.00,460.00,567.00,2622518
179,SRTRANSFIN,2020-03-25,2020,453.40,580.00,460.00,567.00,2622518
180,SRTRANSFIN,2020-03-26,2020,556.00,680.40,589.00,651.40,3716649
181,SRTRANSFIN,2020-03-27,2020,680.20,814.25,681.40,725.20,3927232
182,SRTRANSFIN,2020-03-30,2020,580.20,695.85,690.00,609.40,3645190
183,SRTRANSFIN,2020-03-31,2020,605.00,670.30,643.00,660.65,3775015
184,SRTRANSFIN,2020-04-01,2020,607.05,668.90,645.10,621.65,2838641
185,SRTRANSFIN,2020-04-03,2020,515.00,634.70,634.70,520.65,5220755
186,SRTRANSFIN,2020-04-07,2020,500.10,564.40,535.60,538.25,6773778
187,SRTRANSFIN,2020-04-08,2020,513.20,609.00,525.00,595.45,5213667
188,SRTRANSFIN,2020-04-09,2020,608.05,680.70,626.00,675.95,3406781
189,SRTRANSFIN,2020-04-13,2020,620.20,696.85,655.95,645.10,3088428
190,SRTRANSFIN,2020-04-15,2020,640.55,707.00,651.00,662.75,3312255
191,SRTRANSFIN,2020-04-16,2020,642.90,699.90,651.00,681.25,4413970
192,SRTRANSFIN,2020-04-17,2020,705.00,817.50,725.00,802.05,4459547
193,SRTRANSFIN,2020-04-20,2020,682.00,823.00,810.00,685.05,7597909
194,SRTRANSFIN,2020-04-21,2020,578.30,674.70,652.00,588.60,7399913
195,SRTRANSFIN,2020-04-22,2020,566.00,622.90,599.00,606.05,9173748
196,SRTRANSFIN,2020-04-23,2020,613.00,660.00,613.00,643.60,4908292
197,SRTRANSFIN,2020-04-24,2020,579.25,699.00,610.00,668.20,12862840
198,SRTRANSFIN,2020-04-27,2020,637.00,685.90,671.00,642.05,5905615
199,SRTRANSFIN,2020-04-28,2020,651.30,702.00,659.00,695.30,4804312
200,SRTRANSFIN,2020-04-29,2020,681.95,716.40,703.00,697.15,4769141
201,SRTRANSFIN,2020-04-30,2020,710.00,799.55,715.10,781.00,6777000
202,SRTRANSFIN,2020-05-04,2020,690.20,763.90,740.00,747.40,5837828
203,SRTRANSFIN,2020-05-04,2020,690.20,763.90,740.00,747.40,5837828
204,SRTRANSFIN,2020-05-05,2020,726.10,787.55,768.65,739.60,5098606
205,SRTRANSFIN,2020-05-06,2020,721.75,795.00,733.95,781.25,4975451
206,SRTRANSFIN,2020-05-07,2020,745.15,807.00,771.00,755.60,3933507
207,SRTRANSFIN,2020-05-08,2020,733.35,789.00,774.50,744.40,3034306
208,SRTRANSFIN,2020-05-11,2020,726.05,767.90,759.80,736.15,2682671
209,SRTRANSFIN,2020-05-12,2020,644.00,709.35,709.00,670.10,7482260
210,SRTRANSFIN,2020-05-13,2020,663.60,722.95,703.10,671.65,6014788
211,SRTRANSFIN,2020-05-14,2020,642.15,720.00,695.05,648.20,10127178
212,SRTRANSFIN,2020-05-15,2020,626.25,659.90,641.75,641.35,6366393
213,SRTRANSFIN,2020-05-18,2020,573.60,644.40,643.00,576.15,7038525
214,SRTRANSFIN,2020-05-19,2020,576.55,621.00,588.00,587.10,9139859
215,SRTRANSFIN,2020-05-20,2020,570.00,601.95,587.00,578.80,6194444
216,SRTRANSFIN,2020-05-21,2020,570.20,595.85,581.00,575.05,4571464
217,SRTRANSFIN,2020-05-22,2020,527.75,583.65,573.00,541.15,8729151
218,SRTRANSFIN,2020-05-26,2020,532.00,558.80,550.10,538.00,4200368
219,SRTRANSFIN,2020-05-27,2020,536.70,566.40,543.00,555.00,6954282
220,SRTRANSFIN,2020-05-28,2020,559.50,582.90,565.00,567.50,6997789
221,SRTRANSFIN,2020-05-29,2020,547.00,577.30,566.00,572.30,10278240
222,SRTRANSFIN,2020-06-01,2020,575.50,604.30,585.00,579.95,9288738
223,SRTRANSFIN,2020-06-02,2020,563.05,593.30,579.95,586.00,8552721
224,SRTRANSFIN,2020-06-03,2020,597.70,641.00,601.00,616.85,12647740
225,SRTRANSFIN,2020-06-04,2020,606.25,636.95,616.70,613.00,8466566
226,SRTRANSFIN,2020-06-05,2020,600.40,626.20,623.40,614.90,6669720
227,SRTRANSFIN,2020-06-08,2020,625.00,655.00,625.00,631.75,8341910
228,SRTRANSFIN,2020-06-09,2020,613.00,650.95,636.90,619.60,6592319
229,SRTRANSFIN,2020-06-10,2020,612.10,641.70,622.60,635.00,5741623
230,SRTRANSFIN,2020-06-11,2020,615.25,676.00,615.25,637.90,15362637
231,SRTRANSFIN,2020-06-12,2020,606.00,693.70,615.00,684.40,12250897
232,SRTRANSFIN,2020-06-15,2020,664.00,707.55,690.00,672.80,11356019
233,SRTRANSFIN,2020-06-16,2020,638.45,699.00,698.00,655.45,9649020
234,SRTRANSFIN,2020-06-17,2020,641.00,665.55,649.00,648.05,6280324
235,SRTRANSFIN,2020-06-18,2020,641.00,670.80,647.95,666.60,4044795
236,SRTRANSFIN,2020-06-19,2020,655.55,692.15,667.20,658.85,6826245
237,SRTRANSFIN,2020-06-22,2020,665.50,686.95,673.40,672.25,4451259
238,SRTRANSFIN,2020-06-23,2020,670.05,686.00,683.00,683.95,3451036
239,SRTRANSFIN,2020-06-24,2020,678.00,718.60,690.00,682.25,9187903
240,SRTRANSFIN,2020-06-25,2020,668.00,694.65,675.55,690.45,4051255
241,SRTRANSFIN,2020-06-26,2020,698.10,734.00,702.00,704.90,8976114
242,SRTRANSFIN,2020-06-29,2020,684.20,701.75,699.80,690.60,3781753
243,SRTRANSFIN,2020-06-30,2020,684.55,708.45,704.20,689.60,2851856
244,SRTRANSFIN,2020-07-01,2020,685.05,710.00,692.65,701.35,3733942
245,SRTRANSFIN,2020-07-02,2020,691.25,713.50,707.30,697.95,2583516
246,SRTRANSFIN,2020-07-03,2020,689.05,708.00,704.70,696.00,2763971
247,SRTRANSFIN,2020-07-06,2020,691.00,712.95,705.50,697.60,2593780
248,SRTRANSFIN,2020-07-07,2020,694.85,728.65,700.00,723.85,9365691
249,SRTRANSFIN,2020-07-08,2020,730.00,784.35,730.00,757.90,13620840
250,SRTRANSFIN,2020-07-09,2020,714.00,769.00,748.00,721.40,6184973
251,SRTRANSFIN,2020-07-10,2020,693.60,728.80,719.00,698.90,5021585
252,SRTRANSFIN,2020-07-13,2020,682.00,712.85,706.00,689.15,3960319
253,SRTRANSFIN,2020-07-14,2020,657.50,697.85,684.00,674.95,4580156
254,SRTRANSFIN,2020-07-15,2020,650.65,688.00,682.00,654.55,4029011
255,SRTRANSFIN,2020-07-16,2020,644.50,679.60,661.90,674.00,3686284
256,SRTRANSFIN,2020-07-17,2020,676.45,695.90,679.00,688.25,3169282
257,SRTRANSFIN,2020-07-20,2020,681.25,707.00,695.35,690.80,3060801
258,SRTRANSFIN,2020-07-21,2020,677.05,703.90,703.00,679.45,2378530
259,SRTRANSFIN,2020-07-22,2020,676.80,703.95,686.90,695.10,4571690
260,SRTRANSFIN,2020-07-23,2020,692.95,713.50,697.60,703.15,4035400
261,SRTRANSFIN,2020-07-23,2020,692.95,713.50,697.60,703.15,4035400
262,SRTRANSFIN,2020-07-24,2020,685.00,711.00,698.70,706.85,3049720
263,SRTRANSFIN,2020-07-27,2020,679.40,712.95,712.00,682.70,2878210
264,SRTRANSFIN,2020-07-28,2020,670.70,698.60,687.40,695.30,3462594
265,SRTRANSFIN,2020-07-29,2020,691.60,729.55,695.00,724.55,5658094
266,SRTRANSFIN,2020-07-30,2020,680.00,736.80,730.00,683.60,5020269
267,SRTRANSFIN,2020-07-31,2020,672.20,694.95,685.00,691.30,3659572
268,SRTRANSFIN,2020-08-03,2020,668.50,704.50,692.40,671.00,3199857
269,SRTRANSFIN,2020-08-04,2020,646.00,677.70,673.00,654.70,4261343
270,SRTRANSFIN,2020-08-05,2020,636.10,669.50,658.40,642.30,4851670
271,SRTRANSFIN,2020-08-06,2020,643.05,666.00,644.00,660.75,4255399
272,SRTRANSFIN,2020-08-07,2020,659.00,680.00,663.00,676.75,2896072
273,SRTRANSFIN,2020-08-10,2020,670.10,686.60,678.00,674.35,2629986
274,SRTRANSFIN,2020-08-11,2020,665.50,682.00,680.00,675.35,2081802
275,SRTRANSFIN,2020-08-12,2020,650.00,672.00,670.00,664.85,4022361
276,SRTRANSFIN,2020-08-13,2020,664.40,705.50,668.40,702.30,5556702
277,SRTRANSFIN,2020-08-14,2020,676.70,730.60,708.00,686.35,12133419
278,SRTRANSFIN,2020-08-17,2020,675.55,708.90,698.00,679.00,4278873
279,SRTRANSFIN,2020-08-18,2020,673.10,694.00,684.50,691.30,4431004
280,SRTRANSFIN,2020-08-19,2020,685.90,707.90,698.00,688.95,3972670
281,SRTRANSFIN,2020-08-20,2020,678.05,696.50,686.40,687.80,2925171
282,SRTRANSFIN,2020-08-21,2020,684.05,699.00,697.00,686.50,1820746
283,SRTRANSFIN,2020-08-24,2020,680.55,691.00,690.00,684.30,2263421
284,SRTRANSFIN,2020-08-25,2020,688.00,706.80,688.60,694.95,4374895
285,SRTRANSFIN,2020-08-26,2020,693.15,731.00,700.00,726.35,8429631
286,SRTRANSFIN,2020-08-27,2020,717.10,748.00,735.00,720.40,6888505
287,SRTRANSFIN,2020-08-28,2020,725.00,783.70,728.70,772.75,13556969
288,SRTRANSFIN,2020-08-31,2020,698.00,792.90,780.20,702.45,9446240
289,SRTRANSFIN,2020-09-01,2020,677.40,720.00,709.00,706.30,6624892
290,SRTRANSFIN,2020-09-01,2020,677.40,720.00,709.00,706.30,6624892
291,SRTRANSFIN,2020-09-02,2020,682.65,713.15,710.00,692.40,3730846
292,SRTRANSFIN,2020-09-03,2020,693.00,712.35,699.95,697.70,3608662
293,SRTRANSFIN,2020-09-04,2020,669.05,698.05,689.00,687.45,3957400
294,SRTRANSFIN,2020-09-07,2020,675.50,693.70,693.00,687.55,2712210
295,SRTRANSFIN,2020-09-08,2020,658.00,690.00,689.80,662.65,3520328
296,SRTRANSFIN,2020-09-09,2020,630.10,656.00,656.00,638.85,5674353
297,SRTRANSFIN,2020-09-10,2020,620.65,653.45,645.00,629.55,5915598
298,SRTRANSFIN,2020-09-11,2020,626.95,647.50,633.00,643.65,3716116
299,SRTRANSFIN,2020-09-14,2020,631.45,650.50,650.00,636.45,3690597
300,SRTRANSFIN,2020-09-15,2020,635.25,655.00,639.10,652.35,3199520
301,SRTRANSFIN,2020-09-16,2020,645.60,665.75,654.35,658.35,3990114
302,SRTRANSFIN,2020-09-17,2020,646.65,661.00,654.35,654.35,2723357
303,SRTRANSFIN,2020-09-18,2020,634.00,661.65,655.95,646.60,2861747
304,SRTRANSFIN,2020-09-21,2020,631.00,652.85,649.40,637.45,3220779
305,SRTRANSFIN,2020-09-22,2020,613.05,647.00,637.50,640.65,4024512
306,SRTRANSFIN,2020-09-23,2020,606.95,650.50,645.20,613.10,3468620
307,SRTRANSFIN,2020-09-24,2020,555.55,600.00,600.00,563.85,8878969
308,SRTRANSFIN,2020-09-25,2020,571.10,593.80,572.00,590.30,4218804
309,SRTRANSFIN,2020-09-28,2020,597.00,626.60,599.00,615.15,3650807
310,SRTRANSFIN,2020-09-29,2020,604.20,626.15,622.05,609.50,2826415
311,SRTRANSFIN,2020-09-30,2020,604.40,633.50,615.00,619.35,4283750
312,SRTRANSFIN,2020-10-01,2020,625.15,664.65,627.00,658.70,6206318
313,SRTRANSFIN,2020-10-05,2020,648.20,676.00,662.00,655.10,2885420
314,SRTRANSFIN,2020-10-06,2020,646.05,664.95,662.00,654.50,2448575
315,SRTRANSFIN,2020-10-07,2020,626.30,653.50,653.10,633.80,3455524
316,SRTRANSFIN,2020-10-08,2020,633.05,653.20,640.00,639.05,3387053
317,SRTRANSFIN,2020-10-09,2020,630.35,650.00,633.50,641.10,3505491
318,SRTRANSFIN,2020-10-12,2020,641.70,666.80,645.00,661.65,6179353
319,SRTRANSFIN,2020-10-13,2020,648.20,667.80,662.95,651.75,2847461
320,SRTRANSFIN,2020-10-14,2020,639.85,672.00,649.00,665.20,3365744
321,SRTRANSFIN,2020-10-15,2020,628.35,674.00,670.00,632.15,3070146
322,SRTRANSFIN,2020-10-16,2020,626.50,649.05,637.00,647.10,2754571
323,SRTRANSFIN,2020-10-19,2020,644.20,664.90,647.20,657.75,2552610
324,SRTRANSFIN,2020-10-20,2020,647.00,661.75,654.00,658.65,1709905
325,SRTRANSFIN,2020-10-21,2020,647.40,683.00,662.90,665.95,6348201
326,SRTRANSFIN,2020-10-22,2020,656.25,703.70,664.70,700.10,5635237
327,SRTRANSFIN,2020-10-23,2020,699.30,717.90,704.30,710.05,4382765
328,SRTRANSFIN,2020-10-26,2020,686.45,708.00,707.00,690.00,2022701
329,SRTRANSFIN,2020-10-27,2020,683.20,748.80,690.00,737.15,8033181
330,SRTRANSFIN,2020-10-28,2020,707.00,730.00,729.00,712.20,3554984
331,SRTRANSFIN,2020-10-29,2020,682.25,705.70,700.00,699.10,2937515
332,SRTRANSFIN,2020-10-30,2020,670.00,730.00,707.00,693.45,8578523
333,SRTRANSFIN,2020-11-02,2020,693.90,765.85,693.90,754.05,11754743
334,SRTRANSFIN,2020-11-03,2020,750.00,772.80,754.00,762.85,3253660
335,SRTRANSFIN,2020-11-04,2020,752.00,793.00,761.00,788.95,4549825
336,SRTRANSFIN,2020-11-05,2020,779.50,824.90,793.20,815.40,5267169
337,SRTRANSFIN,2020-11-06,2020,803.00,862.00,816.00,846.40,6840000
338,SRTRANSFIN,2020-11-09,2020,826.00,858.75,848.05,835.30,4801211
339,SRTRANSFIN,2020-11-10,2020,831.00,872.85,839.95,857.75,4765167
340,SRTRANSFIN,2020-11-11,2020,847.10,890.50,857.75,883.15,6326258
341,SRTRANSFIN,2020-11-12,2020,838.20,877.65,877.00,861.15,4093029
342,SRTRANSFIN,2020-11-13,2020,847.45,880.00,854.00,876.05,3657837
343,SRTRANSFIN,2020-11-14,2020,862.10,884.35,882.00,872.30,255893
344,SRTRANSFIN,2020-11-17,2020,857.00,879.75,873.30,861.00,3145692
345,SRTRANSFIN,2020-11-18,2020,848.80,931.00,857.00,925.30,7162075
346,SRTRANSFIN,2020-11-19,2020,901.35,998.40,917.20,911.80,12671760
347,SRTRANSFIN,2020-11-20,2020,904.30,950.00,918.10,933.90,8782091
348,SRTRANSFIN,2020-11-20,2020,904.30,950.00,918.10,933.90,8782091
349,SRTRANSFIN,2020-11-23,2020,940.90,979.55,942.50,974.65,6634589
350,SRTRANSFIN,2020-11-24,2020,974.00,1039.50,982.70,1029.20,7881601
351,SRTRANSFIN,2020-11-25,2020,1033.00,1087.60,1034.80,1065.00,8738438
352,SRTRANSFIN,2020-11-26,2020,1022.40,1060.00,1059.35,1051.70,5103903
353,SRTRANSFIN,2020-11-27,2020,1054.10,1091.90,1060.00,1070.20,13521867
354,SRTRANSFIN,2020-12-01,2020,1018.70,1080.00,1079.90,1023.55,3971538
355,SRTRANSFIN,2020-12-02,2020,1020.00,1045.00,1033.70,1030.50,3681293
356,SRTRANSFIN,2020-12-03,2020,1028.30,1058.90,1040.00,1033.65,3252401
357,SRTRANSFIN,2020-12-04,2020,986.25,1045.30,1041.00,1003.10,5059913
358,SRTRANSFIN,2020-12-07,2020,1010.05,1087.00,1011.00,1063.40,6926188
359,SRTRANSFIN,2020-12-08,2020,1045.75,1080.30,1075.00,1066.75,4153006
360,SRTRANSFIN,2020-12-09,2020,1049.00,1078.25,1072.00,1062.30,2465394
361,SRTRANSFIN,2020-12-10,2020,1025.00,1062.00,1052.00,1049.75,2665772
362,SRTRANSFIN,2020-12-11,2020,1035.00,1075.10,1060.00,1043.25,3575835
363,SRTRANSFIN,2020-12-14,2020,1046.40,1073.80,1060.00,1070.00,2996029
364,SRTRANSFIN,2020-12-15,2020,1053.60,1101.70,1072.00,1092.40,3716021
365,SRTRANSFIN,2020-12-16,2020,1065.00,1108.00,1102.85,1073.05,3596858
366,SRTRANSFIN,2020-12-17,2020,1051.45,1076.10,1072.00,1056.50,2033744
367,SRTRANSFIN,2020-12-18,2020,1016.05,1061.70,1056.90,1027.80,3454877
368,SRTRANSFIN,2020-12-21,2020,944.40,1031.00,1030.10,966.85,3793335
369,SRTRANSFIN,2020-12-22,2020,918.10,976.15,968.90,937.95,4570383
370,SRTRANSFIN,2020-12-23,2020,927.00,969.90,937.80,961.65,4426672
371,SRTRANSFIN,2020-12-24,2020,970.10,1029.60,974.35,996.60,6604181
372,SRTRANSFIN,2020-12-28,2020,998.20,1029.80,1004.85,1016.05,4313417
373,SRTRANSFIN,2020-12-29,2020,1022.00,1049.60,1027.70,1034.90,4134436
374,SRTRANSFIN,2020-12-30,2020,1032.40,1055.00,1043.00,1039.05,4040813
375,SRTRANSFIN,2020-12-30,2020,1032.40,1055.00,1043.00,1039.05,4040813
376,SRTRANSFIN,2020-12-31,2020,1033.10,1051.00,1043.00,1046.50,2202198
377,SRTRANSFIN,2021-01-01,2021,1046.50,1076.90,1047.90,1070.85,2596287
378,SRTRANSFIN,2021-01-04,2021,1063.60,1088.00,1084.00,1076.75,2201670
379,SRTRANSFIN,2021-01-05,2021,1058.85,1119.40,1069.95,1114.15,3186132
380,SRTRANSFIN,2021-01-06,2021,1116.50,1208.50,1117.95,1197.20,8907705
381,SRTRANSFIN,2021-01-07,2021,1198.00,1316.90,1200.00,1306.80,9162646
382,SRTRANSFIN,2021-01-08,2021,1265.00,1313.35,1306.20,1295.70,6264854
383,SRTRANSFIN,2021-01-11,2021,1241.00,1314.60,1304.50,1251.65,3009112
384,SRTRANSFIN,2021-01-12,2021,1230.20,1309.90,1245.00,1262.60,4879040
385,SRTRANSFIN,2021-01-13,2021,1177.55,1280.80,1274.00,1216.85,5307342
386,SRTRANSFIN,2021-01-14,2021,1184.20,1244.00,1219.90,1218.45,4239655
387,SRTRANSFIN,2021-01-15,2021,1191.20,1252.55,1219.00,1204.55,3477096
388,SRTRANSFIN,2021-01-18,2021,1164.15,1212.75,1210.00,1173.80,2884739
389,SRTRANSFIN,2021-01-19,2021,1175.00,1243.50,1183.00,1228.35,4373503
390,SRTRANSFIN,2021-01-20,2021,1220.55,1262.00,1229.70,1247.70,3408446
391,SRTRANSFIN,2021-01-21,2021,1194.20,1276.35,1255.70,1206.45,3292375
392,SRTRANSFIN,2021-01-22,2021,1142.00,1224.25,1212.00,1150.65,3792976
393,SRTRANSFIN,2021-01-25,2021,1188.00,1264.80,1188.00,1201.05,7236073
394,SRTRANSFIN,2021-01-27,2021,1132.00,1180.00,1179.80,1151.05,3919772
395,SRTRANSFIN,2021-01-28,2021,1097.45,1152.85,1104.00,1111.10,4940451
396,SRTRANSFIN,2021-01-29,2021,1168.10,1319.00,1189.00,1291.35,18136253
397,SRTRANSFIN,2021-02-01,2021,1266.25,1344.80,1282.60,1332.00,6079052
398,SRTRANSFIN,2021-02-02,2021,1346.70,1430.00,1360.00,1366.65,6146122
399,SRTRANSFIN,2021-02-03,2021,1357.00,1476.15,1371.00,1465.30,5703639
400,SRTRANSFIN,2021-02-04,2021,1395.00,1454.70,1450.20,1420.65,4201023
401,SRTRANSFIN,2021-02-05,2021,1372.05,1471.00,1428.95,1384.45,3309891
402,SRTRANSFIN,2021-02-08,2021,1407.85,1479.00,1415.00,1419.50,3663462
403,SRTRANSFIN,2021-02-08,2021,1407.85,1479.00,1415.00,1419.50,3663462
404,SRTRANSFIN,2021-02-09,2021,1390.00,1443.75,1430.00,1413.10,2218783
405,SRTRANSFIN,2021-02-10,2021,1390.80,1456.00,1401.10,1428.10,3816335
406,SRTRANSFIN,2021-02-11,2021,1408.30,1448.00,1420.00,1441.25,1775772
407,SRTRANSFIN,2021-02-12,2021,1420.00,1461.25,1425.10,1438.25,2226804
408,SRTRANSFIN,2021-02-15,2021,1445.00,1534.95,1450.00,1513.35,4911380
409,SRTRANSFIN,2021-02-16,2021,1461.40,1519.00,1508.00,1477.80,2325039
410,SRTRANSFIN,2021-02-17,2021,1448.15,1508.70,1483.95,1459.70,2630541
411,SRTRANSFIN,2021-02-18,2021,1428.35,1478.00,1460.00,1438.70,1903207
412,SRTRANSFIN,2021-02-19,2021,1381.05,1446.00,1432.85,1404.60,2020652
413,SRTRANSFIN,2021-02-22,2021,1348.00,1424.90,1414.00,1360.15,2456316
414,SRTRANSFIN,2021-02-23,2021,1336.20,1395.00,1370.00,1377.45,2054617
415,SRTRANSFIN,2021-02-24,2021,1370.05,1406.00,1378.00,1377.95,1066375
416,SRTRANSFIN,2021-02-25,2021,1371.55,1404.75,1392.00,1380.30,2106496
417,SRTRANSFIN,2021-02-26,2021,1270.00,1349.00,1349.00,1282.95,4368614
418,SRTRANSFIN,2021-03-01,2021,1303.15,1345.80,1305.00,1333.60,1832566
419,SRTRANSFIN,2021-03-02,2021,1330.95,1376.00,1346.50,1350.55,1714090
420,SRTRANSFIN,2021-03-03,2021,1331.30,1378.90,1365.00,1362.15,1876685
421,SRTRANSFIN,2021-03-04,2021,1331.00,1371.85,1346.95,1339.35,1715294
422,SRTRANSFIN,2021-03-05,2021,1272.00,1335.70,1329.00,1289.20,2385360
423,SRTRANSFIN,2021-03-08,2021,1255.10,1337.00,1306.80,1265.85,3818979
424,SRTRANSFIN,2021-03-09,2021,1255.00,1301.70,1280.00,1270.25,2069774
425,SRTRANSFIN,2021-03-10,2021,1289.95,1329.80,1291.15,1315.40,3041247
426,SRTRANSFIN,2021-03-12,2021,1310.55,1342.00,1341.00,1325.45,2508940
427,SRTRANSFIN,2021-03-15,2021,1238.15,1341.85,1337.95,1276.60,3701236
428,SRTRANSFIN,2021-03-16,2021,1280.55,1331.80,1289.00,1322.95,2544685
429,SRTRANSFIN,2021-03-17,2021,1290.00,1328.95,1327.95,1321.60,2253306
430,SRTRANSFIN,2021-03-18,2021,1303.05,1367.70,1338.00,1325.75,2912501
431,SRTRANSFIN,2021-03-19,2021,1300.60,1379.55,1312.75,1373.95,2880477
432,SRTRANSFIN,2021-03-22,2021,1347.05,1389.95,1368.90,1381.40,1867037
433,SRTRANSFIN,2021-03-23,2021,1391.50,1434.00,1399.00,1406.30,2905964
434,SRTRANSFIN,2021-03-24,2021,1372.80,1427.00,1413.00,1401.80,2100340
435,SRTRANSFIN,2021-03-25,2021,1351.55,1407.60,1406.90,1372.00,2085071
436,SRTRANSFIN,2021-03-26,2021,1380.00,1471.50,1380.00,1429.15,3749669
437,SRTRANSFIN,2021-03-30,2021,1411.10,1445.00,1443.45,1420.60,2234811
438,SRTRANSFIN,2021-03-31,2021,1414.50,1443.30,1423.10,1422.30,1726596
439,SRTRANSFIN,2021-04-01,2021,1425.50,1479.00,1445.00,1472.70,2450892
440,SRTRANSFIN,2021-04-05,2021,1390.55,1478.30,1464.95,1420.15,2173089
441,SRTRANSFIN,2021-04-06,2021,1415.00,1459.00,1432.00,1439.20,1802336
442,SRTRANSFIN,2021-04-07,2021,1413.20,1502.50,1440.00,1485.60,2836860
443,SRTRANSFIN,2021-04-08,2021,1473.25,1510.00,1489.90,1494.20,2237390
444,SRTRANSFIN,2021-04-09,2021,1455.00,1496.80,1489.00,1469.60,2043647
445,SRTRANSFIN,2021-04-12,2021,1292.95,1415.90,1410.00,1300.90,4857960
446,SRTRANSFIN,2021-04-13,2021,1311.00,1398.60,1315.00,1382.30,4250473
447,SRTRANSFIN,2021-04-15,2021,1311.00,1388.30,1375.00,1380.65,3590357
448,SRTRANSFIN,2021-04-16,2021,1365.60,1394.95,1375.30,1378.00,2401238
449,SRTRANSFIN,2021-04-19,2021,1287.30,1353.35,1302.00,1342.65,2854467
450,SRTRANSFIN,2021-04-20,2021,1322.60,1386.00,1379.0,1345.05,2499745
451,SRTRANSFIN,2021-04-22,2021,1291.20,1332.00,1318.1,1326.25,3918786
452,SRTRANSFIN,2021-04-23,2021,1311.50,1387.85,1315.0,1380.65,3521274
453,SRTRANSFIN,2021-04-26,2021,1326.60,1379.55,1379.0,1339.10,2676531
454,SRTRANSFIN,2021-04-27,2021,1319.10,1357.85,1354.5,1325.00,1668760
455,SRTRANSFIN,2021-04-28,2021,1325.00,1414.80,1328.0,1404.80,3411963
456,SRTRANSFIN,2021-04-29,2021,1390.00,1434.50,1421.0,1416.30,2894011
457,SRTRANSFIN,2021-04-29,2021,1390.00,1434.50,1421.0,1416.30,2894011
458,SRTRANSFIN,2021-04-30,2021,1335.75,1445.00,1430.0,1345.05,4155073
459,SRTRANSFIN,2021-05-03,2021,1275.65,1334.40,1334.0,1298.85,2864081
460,SRTRANSFIN,2021-05-04,2021,1285.55,1349.20,1325.0,1291.20,2752562
461,SRTRANSFIN,2021-05-05,2021,1272.10,1310.00,1310.0,1287.05,2467446
462,SRTRANSFIN,2021-05-06,2021,1273.00,1317.00,1296.0,1311.40,2363334
463,SRTRANSFIN,2021-05-07,2021,1292.50,1323.00,1315.0,1297.65,1384163
464,SRTRANSFIN,2021-05-10,2021,1296.35,1341.00,1299.0,1332.75,1818551
465,SRTRANSFIN,2021-05-11,2021,1312.40,1348.50,1324.0,1342.50,1458682
466,SRTRANSFIN,2021-05-12,2021,1328.65,1356.00,1345.0,1343.95,1526477
467,SRTRANSFIN,2021-05-14,2021,1324.00,1372.00,1346.0,1326.50,1940524
468,SRTRANSFIN,2021-05-17,2021,1320.25,1398.00,1329.5,1389.05,1910005
469,SRTRANSFIN,2021-05-18,2021,1405.00,1465.00,1405.0,1450.20,3118851
470,SRTRANSFIN,2021-05-19,2021,1405.00,1459.80,1438.0,1411.35,1380208
471,SRTRANSFIN,2021-05-20,2021,1396.00,1428.60,1415.0,1415.95,1224729
472,SRTRANSFIN,2021-05-21,2021,1420.05,1488.00,1433.0,1478.75,2251783
473,SRTRANSFIN,2021-05-24,2021,1447.05,1483.00,1476.0,1459.15,1297590
474,SRTRANSFIN,2021-05-25,2021,1427.20,1476.60,1465.0,1434.30,1136002
475,SRTRANSFIN,2021-05-26,2021,1428.50,1455.75,1438.00,1432.75,1226383
476,SRTRANSFIN,2021-05-27,2021,1415.00,1449.70,1435.40,1441.45,1729670
477,SRTRANSFIN,2021-05-28,2021,1446.00,1514.40,1447.45,1455.05,3404190
478,SRTRANSFIN,2021-05-31,2021,1419.00,1466.00,1466.00,1429.80,1526873
479,SRTRANSFIN,2021-06-01,2021,1388.35,1435.20,1435.00,1411.30,1864587
480,SRTRANSFIN,2021-06-02,2021,1390.00,1436.45,1400.00,1430.05,1380124
481,SRTRANSFIN,2021-06-03,2021,1410.00,1446.00,1435.00,1417.70,1043999
482,SRTRANSFIN,2021-06-04,2021,1407.75,1435.00,1425.10,1423.20,1262714
483,SRTRANSFIN,2021-06-07,2021,1411.75,1514.45,1422.50,1487.45,4653545
484,SRTRANSFIN,2021-06-08,2021,1471.55,1529.60,1506.00,1489.10,4073414
485,SRTRANSFIN,2021-06-08,2021,1471.55,1529.60,1506.00,1489.10,4073414
486,SRTRANSFIN,2021-06-09,2021,1424.05,1489.00,1484.90,1437.05,3244654
487,SRTRANSFIN,2021-06-10,2021,1433.15,1474.90,1440.00,1470.00,1998330
488,SRTRANSFIN,2021-06-11,2021,1460.00,1494.00,1472.00,1475.35,1758173
489,SRTRANSFIN,2021-06-14,2021,1427.05,1483.90,1470.00,1477.00,1722561
490,SRTRANSFIN,2021-06-15,2021,1442.50,1475.00,1475.00,1450.65,2355758
491,SRTRANSFIN,2021-06-16,2021,1426.35,1464.00,1456.50,1433.85,1965538
492,SRTRANSFIN,2021-06-17,2021,1393.00,1437.00,1402.00,1411.40,2471242
493,SRTRANSFIN,2021-06-18,2021,1344.00,1423.95,1423.95,1380.00,2955858
494,SRTRANSFIN,2021-06-21,2021,1338.35,1389.90,1355.00,1382.90,1483205
495,SRTRANSFIN,2021-06-22,2021,1361.00,1401.95,1390.00,1371.70,1583514
496,SRTRANSFIN,2021-06-23,2021,1361.15,1386.00,1374.90,1366.80,984983
497,SRTRANSFIN,2021-06-24,2021,1353.40,1376.00,1371.00,1363.90,933525
498,SRTRANSFIN,2021-06-25,2021,1355.65,1378.00,1363.90,1368.10,1303376
499,SRTRANSFIN,2021-06-28,2021,1362.50,1389.00,1381.95,1372.55,820564
500,SRTRANSFIN,2021-06-29,2021,1348.20,1396.00,1372.40,1357.85,1175000
501,SRTRANSFIN,2021-06-30,2021,1336.95,1372.80,1365.00,1342.65,1393713
502,SRTRANSFIN,2021-07-01,2021,1330.00,1365.25,1349.70,1355.60,1088815
503,SRTRANSFIN,2021-07-02,2021,1346.00,1372.60,1359.50,1362.20,845710
504,SRTRANSFIN,2021-07-05,2021,1362.50,1378.00,1365.00,1374.55,582247
505,SRTRANSFIN,2021-07-06,2021,1375.50,1434.80,1375.50,1413.65,2451004
506,SRTRANSFIN,2021-07-07,2021,1412.25,1450.00,1419.95,1444.35,1582191
507,SRTRANSFIN,2021-07-08,2021,1422.20,1447.10,1445.35,1431.55,1235327
508,SRTRANSFIN,2021-07-09,2021,1418.00,1460.00,1429.10,1455.70,1127452
509,SRTRANSFIN,2021-07-12,2021,1447.00,1467.65,1463.90,1452.40,866198
510,SRTRANSFIN,2021-07-13,2021,1423.05,1465.00,1465.00,1431.80,1105808
511,SRTRANSFIN,2021-07-14,2021,1415.00,1436.85,1435.00,1420.90,1295492
512,SRTRANSFIN,2021-07-15,2021,1416.25,1465.00,1425.00,1457.90,1464594
513,SRTRANSFIN,2021-07-16,2021,1444.00,1470.50,1460.00,1449.35,611746
514,SRTRANSFIN,2021-07-19,2021,1381.90,1440.00,1425.00,1389.85,1704670
515,SRTRANSFIN,2021-07-20,2021,1351.00,1409.90,1398.00,1395.90,1270061
516,SRTRANSFIN,2021-07-22,2021,1370.00,1402.55,1398.90,1395.30,1749604
517,SRTRANSFIN,2021-07-23,2021,1369.00,1406.95,1397.00,1385.60,1055206
518,SRTRANSFIN,2021-07-26,2021,1325.75,1405.00,1384.80,1370.40,971604
519,SRTRANSFIN,2021-07-27,2021,1352.45,1412.00,1379.10,1365.70,1630050
520,SRTRANSFIN,2021-07-28,2021,1350.10,1378.00,1375.50,1372.95,1333534
521,SRTRANSFIN,2021-07-29,2021,1354.00,1383.50,1364.00,1371.00,777687
522,SRTRANSFIN,2021-07-30,2021,1360.10,1410.10,1378.00,1390.10,1426400
523,SRTRANSFIN,2021-08-02,2021,1335.70,1430.00,1396.00,1375.85,3387496
524,SRTRANSFIN,2021-08-03,2021,1333.00,1388.00,1377.60,1338.35,2170573
525,SRTRANSFIN,2021-08-04,2021,1315.10,1358.70,1350.00,1321.50,2419783
526,SRTRANSFIN,2021-08-05,2021,1310.20,1337.75,1322.20,1331.95,1488786
527,SRTRANSFIN,2021-08-06,2021,1312.45,1344.10,1333.00,1315.95,1240399
528,SRTRANSFIN,2021-08-09,2021,1295.00,1320.40,1320.00,1302.75,1088880
529,SRTRANSFIN,2021-08-10,2021,1270.35,1312.15,1312.15,1275.50,1331299
530,SRTRANSFIN,2021-08-11,2021,1243.80,1297.95,1277.00,1295.00,1555492
531,SRTRANSFIN,2021-08-12,2021,1287.25,1319.50,1301.50,1309.40,828802
532,SRTRANSFIN,2021-08-13,2021,1288.30,1314.80,1311.00,1295.05,878734
533,SRTRANSFIN,2021-08-16,2021,1281.85,1305.00,1291.00,1296.65,843090
534,SRTRANSFIN,2021-08-17,2021,1265.00,1297.00,1296.65,1280.35,1037261
535,SRTRANSFIN,2021-08-18,2021,1276.45,1304.85,1288.00,1293.85,999601
536,SRTRANSFIN,2021-08-20,2021,1250.00,1286.00,1280.00,1254.50,872490
537,SRTRANSFIN,2021-08-23,2021,1216.00,1275.40,1275.40,1245.70,1038015
538,SRTRANSFIN,2021-08-24,2021,1231.30,1282.00,1240.00,1279.55,960745
539,SRTRANSFIN,2021-08-25,2021,1259.40,1295.25,1281.00,1267.35,1030511
540,SRTRANSFIN,2021-08-26,2021,1256.95,1297.15,1276.00,1265.45,1313532
541,SRTRANSFIN,2021-08-27,2021,1257.65,1291.00,1269.95,1281.40,786002
542,SRTRANSFIN,2021-08-27,2021,1257.65,1291.00,1269.95,1281.40,786002
543,SRTRANSFIN,2021-08-30,2021,1283.20,1339.25,1294.00,1334.95,1414264
544,SRTRANSFIN,2021-08-31,2021,1320.50,1357.00,1335.00,1352.70,1576383
545,SRTRANSFIN,2021-09-01,2021,1322.70,1355.25,1352.40,1329.90,1235877
546,SRTRANSFIN,2021-09-02,2021,1326.60,1349.00,1332.00,1343.05,763714
547,SRTRANSFIN,2021-09-03,2021,1333.10,1388.60,1349.00,1350.05,1602525
548,SRTRANSFIN,2021-09-06,2021,1340.05,1377.00,1356.00,1346.45,659070
549,SRTRANSFIN,2021-09-07,2021,1326.00,1368.95,1347.50,1344.80,1236341
550,SRTRANSFIN,2021-09-08,2021,1338.35,1381.40,1343.90,1365.05,1709285
551,SRTRANSFIN,2021-09-09,2021,1335.45,1363.00,1363.00,1348.35,758444
552,SRTRANSFIN,2021-09-13,2021,1310.75,1348.35,1346.00,1341.70,725069
553,SRTRANSFIN,2021-09-14,2021,1344.20,1371.00,1348.00,1352.80,670710
554,SRTRANSFIN,2021-09-15,2021,1342.00,1379.35,1354.00,1366.80,1032368
555,SRTRANSFIN,2021-09-16,2021,1363.10,1411.90,1366.80,1406.40,2028564
556,SRTRANSFIN,2021-09-17,2021,1355.60,1425.90,1420.00,1360.80,1974145
557,SRTRANSFIN,2021-09-20,2021,1310.75,1371.55,1350.00,1320.10,957690
558,SRTRANSFIN,2021-09-21,2021,1285.75,1335.90,1330.00,1323.75,917028
559,SRTRANSFIN,2021-09-22,2021,1327.00,1353.90,1327.00,1346.50,689948
560,SRTRANSFIN,2021-09-23,2021,1346.55,1385.00,1350.00,1383.10,1185186
561,SRTRANSFIN,2021-09-24,2021,1351.05,1406.80,1395.00,1355.70,1131166
562,SRTRANSFIN,2021-09-27,2021,1314.00,1362.45,1359.50,1324.15,1097991
563,SRTRANSFIN,2021-09-28,2021,1292.60,1345.65,1335.00,1313.20,846327
564,SRTRANSFIN,2021-09-29,2021,1286.00,1311.20,1300.00,1300.35,906441
565,SRTRANSFIN,2021-09-30,2021,1293.00,1327.00,1302.00,1298.85,1596376
566,SRTRANSFIN,2021-10-01,2021,1273.30,1299.55,1293.85,1294.55,926465
567,SRTRANSFIN,2021-10-04,2021,1296.05,1354.00,1301.40,1350.75,1354688
568,SRTRANSFIN,2021-10-05,2021,1324.30,1357.50,1340.00,1335.25,822061
569,SRTRANSFIN,2021-10-06,2021,1298.45,1344.50,1343.25,1303.20,714031
570,SRTRANSFIN,2021-10-06,2021,1298.45,1344.50,1343.25,1303.20,714031
571,SRTRANSFIN,2021-10-07,2021,1315.80,1346.40,1323.20,1343.20,747968
572,SRTRANSFIN,2021-10-08,2021,1323.45,1353.40,1343.20,1330.95,465466
573,SRTRANSFIN,2021-10-11,2021,1325.90,1341.90,1335.90,1334.90,494993
574,SRTRANSFIN,2021-10-12,2021,1320.00,1341.95,1337.00,1324.65,585714
575,SRTRANSFIN,2021-10-13,2021,1326.05,1374.80,1338.00,1366.40,1488487
576,SRTRANSFIN,2021-10-14,2021,1356.80,1399.10,1378.45,1383.55,1775682
577,SRTRANSFIN,2021-10-18,2021,1380.25,1416.70,1403.70,1395.20,1179881
578,SRTRANSFIN,2021-10-19,2021,1383.70,1458.00,1400.20,1427.45,2982009
579,SRTRANSFIN,2021-10-20,2021,1406.80,1474.65,1437.80,1438.70,2012398
580,SRTRANSFIN,2021-10-21,2021,1441.15,1500.00,1451.55,1490.85,2339585
581,SRTRANSFIN,2021-10-22,2021,1485.35,1558.80,1499.00,1518.60,3889218
582,SRTRANSFIN,2021-10-25,2021,1478.55,1540.25,1540.25,1516.90,1771779
583,SRTRANSFIN,2021-10-26,2021,1496.60,1588.00,1500.10,1525.90,1997703
584,SRTRANSFIN,2021-10-27,2021,1517.00,1558.00,1539.00,1528.35,935794
585,SRTRANSFIN,2021-10-28,2021,1469.55,1527.95,1527.95,1488.70,1120864
586,SRTRANSFIN,2021-10-29,2021,1425.00,1500.00,1500.00,1436.20,1394463
587,SRTRANSFIN,2021-11-01,2021,1389.35,1455.00,1455.00,1430.70,1703443
588,SRTRANSFIN,2021-11-02,2021,1432.25,1624.70,1440.00,1576.20,3326480
589,SRTRANSFIN,2021-11-03,2021,1558.75,1643.75,1579.00,1602.65,3163379
590,SRTRANSFIN,2021-11-04,2021,1608.00,1625.95,1610.00,1617.15,214301
591,SRTRANSFIN,2021-11-08,2021,1621.05,1670.00,1625.20,1664.70,1670349
592,SRTRANSFIN,2021-11-09,2021,1581.05,1696.40,1676.70,1616.05,2525791
593,SRTRANSFIN,2021-11-10,2021,1599.50,1643.00,1616.05,1631.20,1285584
594,SRTRANSFIN,2021-11-11,2021,1601.20,1643.00,1631.20,1636.30,1013005
595,SRTRANSFIN,2021-11-12,2021,1615.95,1649.00,1646.90,1622.40,1102283
596,SRTRANSFIN,2021-11-15,2021,1577.65,1626.00,1620.00,1616.60,704461
597,SRTRANSFIN,2021-11-15,2021,1577.65,1626.00,1620.00,1616.60,704461
598,SRTRANSFIN,2021-11-16,2021,1608.10,1663.00,1617.80,1638.95,1109980
599,SRTRANSFIN,2021-11-17,2021,1610.55,1649.90,1628.00,1630.85,756131
600,SRTRANSFIN,2021-11-18,2021,1585.20,1644.40,1632.10,1601.40,965151
601,SRTRANSFIN,2021-11-22,2021,1548.15,1609.80,1609.40,1561.65,1055933
602,SRTRANSFIN,2021-11-23,2021,1543.75,1603.15,1546.00,1587.95,662248
603,SRTRANSFIN,2021-11-24,2021,1570.00,1600.95,1588.80,1586.90,462153
604,SRTRANSFIN,2021-11-25,2021,1530.05,1590.00,1590.00,1570.95,858020
605,SRTRANSFIN,2021-11-26,2021,1434.45,1557.00,1542.00,1446.70,1341147
606,SRTRANSFIN,2021-11-29,2021,1388.55,1445.00,1433.55,1403.25,978778
607,SRTRANSFIN,2021-11-30,2021,1395.40,1446.45,1403.00,1406.70,1768166
608,SRTRANSFIN,2021-12-01,2021,1399.75,1448.95,1430.00,1443.75,1107972
609,SRTRANSFIN,2021-12-02,2021,1426.20,1459.95,1440.00,1448.95,774184
610,SRTRANSFIN,2021-12-03,2021,1438.85,1478.90,1446.70,1447.15,772727
611,SRTRANSFIN,2021-12-06,2021,1441.90,1475.00,1450.00,1450.15,577275
612,SRTRANSFIN,2021-12-07,2021,1441.80,1476.30,1463.00,1463.55,760542
613,SRTRANSFIN,2021-12-08,2021,1464.10,1496.85,1470.00,1492.35,862895
614,SRTRANSFIN,2021-12-09,2021,1486.80,1509.50,1500.00,1494.05,429001
615,SRTRANSFIN,2021-12-10,2021,1475.55,1517.05,1500.00,1504.35,549077
616,SRTRANSFIN,2021-12-13,2021,1409.10,1531.75,1520.00,1475.65,1833852
617,SRTRANSFIN,2021-12-14,2021,1370.05,1463.65,1461.00,1384.10,1815916
618,SRTRANSFIN,2021-12-15,2021,1350.00,1390.65,1386.00,1357.85,854335
619,SRTRANSFIN,2021-12-16,2021,1326.00,1382.75,1371.40,1331.80,1239863
620,SRTRANSFIN,2021-12-17,2021,1265.75,1333.80,1325.00,1273.70,1062109
621,SRTRANSFIN,2021-12-20,2021,1158.80,1263.40,1250.00,1200.60,1780656
622,SRTRANSFIN,2021-12-21,2021,1166.05,1225.00,1225.00,1173.75,1225029
623,SRTRANSFIN,2021-12-22,2021,1157.20,1192.00,1182.05,1172.45,818453
624,SRTRANSFIN,2021-12-23,2021,1178.65,1219.90,1182.00,1210.30,1228235
625,SRTRANSFIN,2021-12-24,2021,1165.80,1220.00,1220.00,1177.55,1115587
626,SRTRANSFIN,2021-12-27,2021,1171.15,1228.00,1177.55,1218.70,1799531
627,SRTRANSFIN,2021-12-28,2021,1204.90,1246.85,1225.00,1211.80,801160
628,SRTRANSFIN,2021-12-29,2021,1202.25,1224.95,1216.25,1211.65,1072732
629,SRTRANSFIN,2021-12-30,2021,1185.10,1215.00,1212.00,1198.20,801796
630,SRTRANSFIN,2021-12-31,2021,1201.90,1231.50,1204.70,1217.00,1058163
631,SRTRANSFIN,2022-01-03,2022,1217.55,1258.20,1221.80,1250.75,572005
632,SRTRANSFIN,2022-01-04,2022,1231.25,1276.20,1257.00,1252.95,1277478
633,SRTRANSFIN,2022-01-05,2022,1245.00,1276.75,1252.95,1249.80,841324
634,SRTRANSFIN,2022-01-06,2022,1209.00,1249.00,1249.00,1216.30,978413
635,SRTRANSFIN,2022-01-07,2022,1203.90,1231.35,1216.20,1215.50,862316
636,SRTRANSFIN,2022-01-10,2022,1208.20,1243.00,1220.10,1222.90,970148
637,SRTRANSFIN,2022-01-11,2022,1208.00,1231.80,1222.50,1223.60,600043
638,SRTRANSFIN,2022-01-12,2022,1224.00,1249.00,1226.10,1245.25,1256723
639,SRTRANSFIN,2022-01-13,2022,1234.00,1257.00,1253.80,1247.45,633459
640,SRTRANSFIN,2022-01-14,2022,1229.10,1264.80,1240.50,1240.30,854183
641,SRTRANSFIN,2022-01-17,2022,1236.90,1254.90,1242.00,1239.05,489239
642,SRTRANSFIN,2022-01-18,2022,1186.25,1267.00,1235.00,1203.90,1426827
643,SRTRANSFIN,2022-01-19,2022,1170.95,1206.50,1205.00,1195.30,1062500
644,SRTRANSFIN,2022-01-20,2022,1197.05,1234.25,1198.00,1220.95,1293003
645,SRTRANSFIN,2022-01-21,2022,1185.00,1223.80,1214.00,1198.50,1166808
646,SRTRANSFIN,2022-01-24,2022,1140.90,1203.00,1195.10,1154.60,1870772
647,SRTRANSFIN,2022-01-25,2022,1103.20,1202.80,1140.00,1166.70,2094722
648,SRTRANSFIN,2022-01-27,2022,1170.10,1247.65,1179.95,1241.10,2948439
649,SRTRANSFIN,2022-01-28,2022,1236.05,1299.85,1250.00,1242.85,1858093
650,SRTRANSFIN,2022-01-31,2022,1225.00,1272.00,1259.00,1228.40,973425
651,SRTRANSFIN,2022-02-01,2022,1234.55,1290.00,1248.60,1280.25,1105798
652,SRTRANSFIN,2022-02-02,2022,1271.00,1304.35,1291.00,1283.80,909404
653,SRTRANSFIN,2022-02-03,2022,1255.00,1287.00,1287.00,1263.20,473461
654,SRTRANSFIN,2022-02-03,2022,1255.00,1287.00,1287.00,1263.20,473461
655,SRTRANSFIN,2022-02-04,2022,1229.05,1267.60,1260.00,1233.20,526797
656,SRTRANSFIN,2022-02-07,2022,1211.00,1251.00,1235.00,1218.80,406059
657,SRTRANSFIN,2022-02-08,2022,1206.65,1245.35,1225.60,1240.25,761581
658,SRTRANSFIN,2022-02-09,2022,1233.00,1254.00,1240.00,1245.15,444026
659,SRTRANSFIN,2022-02-10,2022,1232.10,1275.00,1245.00,1265.60,633358
660,SRTRANSFIN,2022-02-11,2022,1228.20,1264.00,1253.00,1235.55,583974
661,SRTRANSFIN,2022-02-14,2022,1153.60,1206.00,1206.00,1160.85,1315646
662,SRTRANSFIN,2022-02-15,2022,1143.15,1220.90,1171.00,1208.00,977314
663,SRTRANSFIN,2022-02-16,2022,1216.10,1274.40,1224.05,1220.60,1869517
664,SRTRANSFIN,2022-02-17,2022,1229.40,1282.35,1232.00,1277.45,2219232
665,SRTRANSFIN,2022-02-18,2022,1250.40,1291.95,1269.00,1258.10,1216867
666,SRTRANSFIN,2022-02-21,2022,1210.10,1252.55,1244.00,1220.20,909203
667,SRTRANSFIN,2022-02-22,2022,1176.35,1216.00,1200.00,1204.20,881633
668,SRTRANSFIN,2022-02-23,2022,1171.55,1221.80,1218.00,1175.10,934059
669,SRTRANSFIN,2022-02-24,2022,1060.00,1154.45,1140.00,1068.60,1505101
670,SRTRANSFIN,2022-02-25,2022,1102.25,1159.40,1115.60,1127.50,1857537
671,SRTRANSFIN,2022-02-28,2022,1081.00,1128.00,1109.00,1124.20,1370871
672,SRTRANSFIN,2022-03-02,2022,1066.00,1147.30,1103.00,1095.55,1686020
673,SRTRANSFIN,2022-03-03,2022,1094.00,1136.00,1117.00,1105.45,1103619
674,SRTRANSFIN,2022-03-04,2022,1081.00,1116.50,1099.00,1089.15,1068191
675,SRTRANSFIN,2022-03-07,2022,1016.30,1059.85,1055.00,1021.30,980312
676,SRTRANSFIN,2022-03-08,2022,1002.00,1049.80,1016.00,1041.60,2443557
677,SRTRANSFIN,2022-03-09,2022,1041.20,1072.35,1061.20,1061.85,1283009
678,SRTRANSFIN,2022-03-10,2022,1055.10,1100.00,1098.00,1079.50,1669933
679,SRTRANSFIN,2022-03-11,2022,1056.50,1094.55,1058.30,1090.95,1178097
680,SRTRANSFIN,2022-03-14,2022,1077.60,1116.00,1094.95,1112.70,1326085
681,SRTRANSFIN,2022-03-15,2022,1080.00,1137.00,1115.00,1090.15,1554591
682,SRTRANSFIN,2022-03-15,2022,1080.00,1137.00,1115.00,1090.15,1554591
683,SRTRANSFIN,2022-03-16,2022,1095.20,1130.00,1108.70,1109.50,1505450
684,SRTRANSFIN,2022-03-17,2022,1120.65,1144.40,1125.00,1129.55,1195534
685,SRTRANSFIN,2022-03-21,2022,1084.80,1141.40,1130.55,1086.40,1261670
686,SRTRANSFIN,2022-03-22,2022,1066.00,1105.00,1082.00,1098.15,1613907
687,SRTRANSFIN,2022-03-23,2022,1088.10,1110.00,1103.00,1096.20,867015
688,SRTRANSFIN,2022-03-24,2022,1086.60,1101.60,1093.95,1092.40,665807
689,SRTRANSFIN,2022-03-25,2022,1086.05,1112.40,1099.85,1103.00,646856
690,SRTRANSFIN,2022-03-28,2022,1083.75,1120.55,1108.50,1115.55,1433694
691,SRTRANSFIN,2022-03-29,2022,1099.00,1127.00,1115.55,1123.40,1326402
692,SRTRANSFIN,2022-03-30,2022,1119.00,1138.80,1127.00,1124.45,498818
693,SRTRANSFIN,2022-03-31,2022,1119.00,1144.40,1127.00,1134.85,874337
694,SRTRANSFIN,2022-04-01,2022,1127.90,1199.00,1135.00,1181.35,894692
695,SRTRANSFIN,2022-04-04,2022,1170.00,1190.00,1184.00,1179.00,553251
696,SRTRANSFIN,2022-04-05,2022,1165.55,1187.45,1184.00,1170.50,1495778
697,SRTRANSFIN,2022-04-06,2022,1155.05,1180.00,1159.00,1167.05,1029704
698,SRTRANSFIN,2022-04-07,2022,1158.00,1184.95,1161.00,1174.10,2043146
699,SRTRANSFIN,2022-04-08,2022,1166.80,1213.50,1189.35,1207.20,2402752
700,SRTRANSFIN,2022-04-11,2022,1198.05,1238.00,1215.00,1223.60,1108230
701,SRTRANSFIN,2022-04-12,2022,1170.10,1224.95,1224.95,1180.90,1060299
702,SRTRANSFIN,2022-04-13,2022,1178.45,1197.15,1192.00,1183.95,467562
703,SRTRANSFIN,2022-04-18,2022,1121.10,1174.80,1162.00,1164.25,1439979
704,SRTRANSFIN,2022-04-19,2022,1102.00,1189.00,1179.25,1118.60,1457853
705,SRTRANSFIN,2022-04-20,2022,1092.05,1133.75,1112.50,1114.25,639077
706,SRTRANSFIN,2022-04-21,2022,1118.10,1153.95,1124.00,1150.85,778280
707,SRTRANSFIN,2022-04-22,2022,1100.45,1140.00,1140.00,1108.00,886477
708,SRTRANSFIN,2022-04-25,2022,1076.35,1104.00,1095.00,1096.60,1078260
709,SRTRANSFIN,2022-04-26,2022,1103.00,1161.00,1107.95,1157.25,1559842
710,SRTRANSFIN,2022-04-27,2022,1134.00,1166.70,1142.00,1141.25,1000461
711,SRTRANSFIN,2022-04-28,2022,1135.60,1163.00,1148.00,1141.80,2451192
712,SRTRANSFIN,2022-04-29,2022,1174.15,1239.00,1194.40,1202.05,6130269
713,SRTRANSFIN,2022-05-02,2022,1184.95,1237.00,1189.70,1230.25,1998919
714,SRTRANSFIN,2022-05-04,2022,1131.10,1257.45,1232.00,1148.90,1945894
715,SRTRANSFIN,2022-05-05,2022,1148.15,1194.95,1169.90,1161.55,1021326
716,SRTRANSFIN,2022-05-06,2022,1133.00,1193.00,1133.00,1183.80,1904964
717,SRTRANSFIN,2022-05-09,2022,1135.60,1178.00,1178.00,1157.00,1520525
718,SRTRANSFIN,2022-05-10,2022,1145.00,1177.95,1157.00,1160.35,902676
719,SRTRANSFIN,2022-05-11,2022,1097.20,1164.35,1155.00,1120.00,1783624
720,SRTRANSFIN,2022-05-12,2022,1047.10,1120.00,1120.00,1064.75,1879485
721,SRTRANSFIN,2022-05-13,2022,1047.60,1094.90,1082.00,1061.60,1696481
722,SRTRANSFIN,2022-05-16,2022,1051.80,1097.50,1060.00,1090.55,1366678
723,SRTRANSFIN,2022-05-17,2022,1082.00,1120.80,1097.00,1108.75,820255
724,SRTRANSFIN,2022-05-18,2022,1087.20,1126.80,1120.00,1097.70,859268
725,SRTRANSFIN,2022-05-19,2022,1064.00,1086.60,1069.00,1078.50,1622176
726,SRTRANSFIN,2022-05-20,2022,1083.60,1109.00,1097.00,1096.00,659263
727,SRTRANSFIN,2022-05-23,2022,1100.00,1147.90,1100.00,1136.65,1214098
728,SRTRANSFIN,2022-05-24,2022,1103.05,1144.90,1133.85,1127.75,1613913
729,SRTRANSFIN,2022-05-25,2022,1102.75,1146.35,1136.00,1117.20,1003508
730,SRTRANSFIN,2022-05-26,2022,1102.60,1151.00,1121.00,1146.65,702979
731,SRTRANSFIN,2022-05-27,2022,1131.20,1161.50,1161.50,1142.45,454382
732,SRTRANSFIN,2022-05-30,2022,1141.90,1185.00,1157.00,1171.90,835359
733,SRTRANSFIN,2022-05-31,2022,1145.00,1195.70,1171.90,1176.20,2788284
734,SRTRANSFIN,2022-06-01,2022,1166.00,1200.00,1175.20,1184.95,1035244
735,SRTRANSFIN,2022-06-02,2022,1175.25,1196.00,1185.50,1192.90,558074
736,SRTRANSFIN,2022-06-03,2022,1168.35,1197.95,1195.50,1178.50,1079344
737,SRTRANSFIN,2022-06-03,2022,1168.35,1197.95,1195.50,1178.50,1079344
738,SRTRANSFIN,2022-06-06,2022,1154.50,1194.70,1176.00,1185.80,504905
739,SRTRANSFIN,2022-06-07,2022,1142.55,1183.30,1171.55,1179.30,823218
740,SRTRANSFIN,2022-06-08,2022,1162.20,1197.15,1180.00,1175.25,750777
741,SRTRANSFIN,2022-06-09,2022,1155.00,1172.65,1168.00,1167.80,895329
742,SRTRANSFIN,2022-06-10,2022,1152.65,1167.60,1158.00,1165.30,424389
743,SRTRANSFIN,2022-06-13,2022,1115.50,1159.90,1145.00,1133.90,879896
744,SRTRANSFIN,2022-06-14,2022,1121.00,1148.60,1123.90,1139.45,772156
745,SRTRANSFIN,2022-06-15,2022,1131.60,1153.00,1145.10,1150.00,669104
746,SRTRANSFIN,2022-06-16,2022,1123.65,1175.00,1158.00,1142.75,1339770
747,SRTRANSFIN,2022-06-17,2022,1112.55,1154.50,1136.50,1149.05,1346148
748,SRTRANSFIN,2022-06-20,2022,1116.45,1161.85,1150.00,1138.90,877357
749,SRTRANSFIN,2022-06-21,2022,1128.80,1183.30,1147.00,1173.95,856186
750,SRTRANSFIN,2022-06-22,2022,1165.05,1199.00,1167.50,1171.60,978195
751,SRTRANSFIN,2022-06-23,2022,1160.10,1217.20,1161.25,1197.80,790862
752,SRTRANSFIN,2022-06-24,2022,1203.00,1255.75,1210.45,1245.30,999204
753,SRTRANSFIN,2022-06-27,2022,1245.40,1269.00,1269.00,1252.45,825457
754,SRTRANSFIN,2022-06-28,2022,1239.30,1263.45,1243.00,1251.05,705427
755,SRTRANSFIN,2022-06-29,2022,1218.00,1259.80,1240.00,1224.10,545482
756,SRTRANSFIN,2022-06-30,2022,1229.15,1297.20,1235.00,1281.35,1991230
757,SRTRANSFIN,2022-07-01,2022,1238.50,1274.80,1266.20,1265.70,1071657
758,SRTRANSFIN,2022-07-04,2022,1250.00,1289.10,1251.00,1264.85,401723
759,SRTRANSFIN,2022-07-05,2022,1261.05,1310.45,1268.85,1277.40,1254445
760,SRTRANSFIN,2022-07-06,2022,1270.10,1296.30,1273.15,1284.05,631562
761,SRTRANSFIN,2022-07-07,2022,1258.00,1321.55,1280.00,1308.25,989188
762,SRTRANSFIN,2022-07-08,2022,1271.00,1323.55,1319.80,1280.45,730563
763,SRTRANSFIN,2022-07-11,2022,1240.10,1280.00,1275.65,1256.15,738308
764,SRTRANSFIN,2022-07-12,2022,1233.70,1257.50,1249.00,1236.30,688491
765,SRTRANSFIN,2022-07-13,2022,1240.35,1274.90,1244.10,1268.90,630265
766,SRTRANSFIN,2022-07-13,2022,1240.35,1274.90,1244.10,1268.90,630265
767,SRTRANSFIN,2022-07-14,2022,1270.05,1299.45,1274.00,1294.95,640653
768,SRTRANSFIN,2022-07-15,2022,1275.90,1318.00,1300.00,1314.65,540609
769,SRTRANSFIN,2022-07-18,2022,1323.00,1418.95,1332.00,1397.10,1084069
770,SRTRANSFIN,2022-07-19,2022,1357.35,1399.00,1382.20,1391.55,998630
771,SRTRANSFIN,2022-07-20,2022,1401.55,1431.25,1410.00,1408.05,925985
772,SRTRANSFIN,2022-07-21,2022,1395.40,1468.45,1403.00,1461.90,971061
773,SRTRANSFIN,2022-07-22,2022,1456.50,1499.90,1467.00,1496.10,962083
774,SRTRANSFIN,2022-07-25,2022,1473.00,1509.00,1473.00,1496.50,944333
775,SRTRANSFIN,2022-07-26,2022,1473.70,1508.90,1496.00,1478.35,820528
776,SRTRANSFIN,2022-07-27,2022,1435.00,1474.00,1461.00,1450.80,1340539
777,SRTRANSFIN,2022-07-28,2022,1443.00,1506.20,1478.00,1460.95,1711547
778,SRTRANSFIN,2022-07-29,2022,1370.50,1480.00,1480.00,1379.75,1859314
779,SRTRANSFIN,2022-08-01,2022,1361.10,1398.00,1380.00,1374.85,941805
780,SRTRANSFIN,2022-08-02,2022,1363.15,1403.35,1377.00,1379.10,972376
781,SRTRANSFIN,2022-08-03,2022,1348.10,1396.45,1385.00,1360.25,746607
782,SRTRANSFIN,2022-08-04,2022,1333.55,1377.00,1377.00,1359.90,929354
783,SRTRANSFIN,2022-08-05,2022,1354.05,1378.80,1369.65,1362.45,630627
784,SRTRANSFIN,2022-08-08,2022,1356.00,1404.00,1370.00,1392.25,955157
785,SRTRANSFIN,2022-08-10,2022,1385.20,1409.60,1395.00,1396.40,800796
786,SRTRANSFIN,2022-08-11,2022,1391.20,1425.30,1405.65,1406.05,1131705
787,SRTRANSFIN,2022-08-12,2022,1362.55,1406.05,1406.00,1367.95,1045053
788,SRTRANSFIN,2022-08-16,2022,1352.80,1387.00,1365.00,1364.70,1311198
789,SRTRANSFIN,2022-08-17,2022,1351.00,1369.00,1364.00,1355.55,1319975
790,SRTRANSFIN,2022-08-18,2022,1327.05,1365.25,1350.25,1348.45,876771
791,SRTRANSFIN,2022-08-19,2022,1340.00,1364.90,1350.05,1346.85,763139
792,SRTRANSFIN,2022-08-22,2022,1305.00,1364.85,1364.85,1312.85,849345
793,SRTRANSFIN,2022-08-22,2022,1305.00,1364.85,1364.85,1312.85,849345
794,SRTRANSFIN,2022-08-23,2022,1298.20,1356.60,1305.45,1336.60,876633
795,SRTRANSFIN,2022-08-24,2022,1327.10,1349.70,1346.00,1343.05,405970
796,SRTRANSFIN,2022-08-25,2022,1320.00,1363.70,1349.00,1324.70,658439
797,SRTRANSFIN,2022-08-26,2022,1324.15,1347.45,1335.00,1333.35,421524
798,SRTRANSFIN,2022-08-29,2022,1300.00,1331.80,1302.25,1324.90,425616
799,SRTRANSFIN,2022-08-30,2022,1330.45,1359.05,1332.00,1354.65,1028445
800,SRTRANSFIN,2022-09-01,2022,1323.00,1358.00,1342.00,1329.25,443594
801,SRTRANSFIN,2022-09-02,2022,1306.60,1340.00,1340.00,1308.60,464317
802,SRTRANSFIN,2022-09-05,2022,1310.05,1338.00,1320.90,1320.80,597687
803,SRTRANSFIN,2022-09-06,2022,1317.45,1391.55,1333.80,1384.75,1611743
804,SRTRANSFIN,2022-09-07,2022,1361.00,1390.85,1376.00,1366.60,692967
805,SRTRANSFIN,2022-09-08,2022,1356.00,1385.90,1374.00,1361.45,636922
806,SRTRANSFIN,2022-09-09,2022,1320.00,1375.00,1369.95,1324.10,604552
807,SRTRANSFIN,2022-09-12,2022,1310.00,1334.35,1331.25,1328.50,949073
808,SRTRANSFIN,2022-09-13,2022,1323.65,1350.00,1335.00,1332.60,719661
809,SRTRANSFIN,2022-09-14,2022,1315.10,1354.45,1323.35,1334.65,737832
810,SRTRANSFIN,2022-09-15,2022,1313.00,1374.00,1341.35,1325.95,952019
811,SRTRANSFIN,2022-09-16,2022,1268.00,1338.00,1329.80,1284.05,1023437
812,SRTRANSFIN,2022-09-19,2022,1280.10,1308.30,1287.00,1286.90,393841
813,SRTRANSFIN,2022-09-20,2022,1290.00,1318.50,1295.20,1296.10,761700
814,SRTRANSFIN,2022-09-21,2022,1263.00,1309.95,1299.75,1272.80,755997
815,SRTRANSFIN,2022-09-22,2022,1241.25,1276.00,1263.00,1257.20,808308
816,SRTRANSFIN,2022-09-23,2022,1196.55,1256.90,1255.00,1203.15,1115682
817,SRTRANSFIN,2022-09-26,2022,1148.25,1202.20,1191.15,1174.95,792142
818,SRTRANSFIN,2022-09-27,2022,1146.00,1189.15,1180.10,1165.05,612153
819,SRTRANSFIN,2022-09-28,2022,1155.00,1193.50,1159.75,1174.90,1407471
820,SRTRANSFIN,2022-09-29,2022,1187.00,1212.65,1190.00,1209.25,1772644
821,SRTRANSFIN,2022-09-30,2022,1189.00,1222.75,1200.00,1197.55,737837
822,SRTRANSFIN,2022-10-03,2022,1157.65,1217.00,1200.00,1169.65,678713
823,SRTRANSFIN,2022-10-04,2022,1175.40,1203.75,1180.10,1199.85,577246
824,SRTRANSFIN,2022-10-06,2022,1192.00,1218.00,1210.80,1197.75,857102
825,SRTRANSFIN,2022-10-07,2022,1170.60,1209.65,1197.00,1199.10,1009563
826,SRTRANSFIN,2022-10-10,2022,1164.00,1192.70,1183.95,1177.75,605273
827,SRTRANSFIN,2022-10-11,2022,1169.95,1194.25,1175.00,1173.85,417276
828,SRTRANSFIN,2022-10-12,2022,1171.65,1217.85,1179.75,1212.00,464533
829,SRTRANSFIN,2022-10-13,2022,1175.05,1210.90,1210.90,1189.00,403331
830,SRTRANSFIN,2022-10-14,2022,1180.35,1215.80,1200.00,1183.90,685904
831,SRTRANSFIN,2022-10-17,2022,1172.00,1197.35,1180.20,1192.40,313435
832,SRTRANSFIN,2022-10-18,2022,1201.60,1230.85,1209.80,1224.15,878966
833,SRTRANSFIN,2022-10-19,2022,1205.15,1234.00,1225.00,1214.55,366781
834,SRTRANSFIN,2022-10-20,2022,1195.00,1228.45,1212.80,1215.80,667824
835,SRTRANSFIN,2022-10-21,2022,1183.40,1232.75,1225.00,1197.70,1000582
836,SRTRANSFIN,2022-10-24,2022,1192.10,1215.00,1215.00,1199.00,79152
837,SRTRANSFIN,2022-10-25,2022,1185.20,1240.00,1200.00,1217.10,943687
838,SRTRANSFIN,2022-10-27,2022,1211.05,1253.70,1225.00,1246.90,908707
839,SRTRANSFIN,2022-10-28,2022,1244.05,1283.85,1253.15,1274.70,553139
840,SRTRANSFIN,2022-10-31,2022,1225.00,1273.95,1273.95,1229.15,620831
841,SRTRANSFIN,2022-11-01,2022,1203.00,1236.30,1231.50,1207.70,1335115
842,SRTRANSFIN,2022-11-02,2022,1200.00,1222.80,1208.00,1207.80,546792
843,SRTRANSFIN,2022-11-03,2022,1195.85,1243.35,1202.00,1240.25,727250
844,SRTRANSFIN,2022-11-04,2022,1240.40,1264.30,1245.00,1259.55,667552
845,SRTRANSFIN,2022-11-07,2022,1256.70,1294.00,1264.35,1289.15,451657
846,SRTRANSFIN,2022-11-09,2022,1264.00,1299.00,1264.00,1275.30,397958
847,SRTRANSFIN,2022-11-10,2022,1237.45,1290.00,1269.80,1245.15,617832
848,SRTRANSFIN,2022-11-10,2022,1237.45,1290.00,1269.80,1245.15,617832
849,SRTRANSFIN,2022-11-11,2022,1252.00,1287.00,1252.00,1276.75,497608
850,SRTRANSFIN,2022-11-14,2022,1255.40,1285.50,1279.90,1265.75,331198
851,SRTRANSFIN,2022-11-15,2022,1246.05,1270.10,1269.95,1252.70,294927
852,SRTRANSFIN,2022-11-16,2022,1225.30,1254.80,1252.00,1233.65,497356
853,SRTRANSFIN,2022-11-17,2022,1232.00,1309.80,1232.00,1275.65,2179171
854,SRTRANSFIN,2022-11-18,2022,1242.00,1284.45,1275.50,1251.25,1133116
855,SRTRANSFIN,2022-11-21,2022,1243.00,1305.00,1252.45,1300.15,2285464
856,SRTRANSFIN,2022-11-22,2022,1291.00,1354.95,1304.95,1346.50,1970331
857,SRTRANSFIN,2022-11-23,2022,1325.25,1362.95,1350.00,1334.25,1391299
858,SRTRANSFIN,2022-11-24,2022,1305.00,1340.95,1340.95,1311.70,700833
859,SRTRANSFIN,2022-11-25,2022,1275.20,1322.00,1315.00,1280.15,865105
860,SRTRANSFIN,2022-11-28,2022,1247.00,1294.80,1274.00,1264.75,4562156
861,SRTRANSFIN,2022-11-29,2022,1251.50,1281.00,1252.75,1270.30,1748490
862,SRTRANSFIN,2022-11-30,2022,1272.00,1375.00,1272.45,1350.00,2275703
863,SRTRANSFIN,2022-12-01,2022,1277.00,1346.45,1346.45,1286.85,1602257
864,SRTRANSFIN,2022-12-02,2022,1268.00,1298.20,1286.65,1290.35,1033710
865,SRTRANSFIN,2022-12-05,2022,1279.00,1300.00,1296.00,1294.85,883532
866,SRTRANSFIN,2022-12-06,2022,1290.20,1339.00,1295.00,1326.55,2034376
867,SRTRANSFIN,2022-12-07,2022,1327.00,1366.75,1328.00,1335.20,1388697
868,SRTRANSFIN,2022-12-08,2022,1325.00,1355.00,1334.90,1338.20,569275
869,SRTRANSFIN,2022-12-09,2022,1316.45,1354.10,1348.40,1344.05,640553
870,SRTRANSFIN,2022-12-12,2022,1328.25,1375.95,1340.00,1363.55,1187767
871,SRTRANSFIN,2022-12-13,2022,1340.00,1370.95,1361.00,1365.85,395593
872,SRTRANSFIN,2022-12-14,2022,1355.40,1380.00,1365.95,1378.55,827606
873,SRTRANSFIN,2022-12-15,2022,1370.05,1404.20,1375.40,1393.20,755612
874,SRTRANSFIN,2022-12-16,2022,1338.10,1404.00,1377.00,1370.45,1814246
875,SRTRANSFIN,2022-12-19,2022,1362.00,1386.85,1373.95,1372.25,659439
876,SHRIRAMFIN,2022-12-20,2022,1352.40,1399.00,1369.90,1389.25,570309
877,SHRIRAMFIN,2022-12-20,2022,1352.40,1399.00,1369.90,1389.25,570309
878,SHRIRAMFIN,2022-12-21,2022,1360.25,1419.50,1386.80,1369.40,857326
879,SHRIRAMFIN,2022-12-22,2022,1328.35,1387.00,1375.00,1339.40,309992
880,SHRIRAMFIN,2022-12-23,2022,1290.60,1326.95,1326.95,1301.50,312995
881,SHRIRAMFIN,2022-12-26,2022,1295.05,1367.00,1301.55,1351.15,321370
882,SHRIRAMFIN,2022-12-27,2022,1329.55,1390.00,1362.00,1378.90,484073
883,SHRIRAMFIN,2022-12-28,2022,1352.50,1397.00,1363.55,1388.60,440215
884,SHRIRAMFIN,2022-12-29,2022,1251.35,1349.00,1349.00,1312.25,3989146
885,SHRIRAMFIN,2022-12-30,2022,1325.15,1384.80,1330.00,1376.90,1465870
886,SHRIRAMFIN,2023-01-02,2023,1362.00,1390.00,1381.00,1385.80,436989
887,SHRIRAMFIN,2023-01-03,2023,1335.60,1376.95,1368.80,1349.65,535645
888,SHRIRAMFIN,2023-01-04,2023,1317.85,1352.90,1348.00,1328.35,541935
889,SHRIRAMFIN,2023-01-05,2023,1311.25,1340.00,1335.95,1319.90,461987
890,SHRIRAMFIN,2023-01-06,2023,1287.00,1325.75,1324.90,1294.65,319983
891,SHRIRAMFIN,2023-01-09,2023,1299.50,1324.70,1300.00,1318.60,469651
892,SHRIRAMFIN,2023-01-10,2023,1318.60,1337.60,1322.65,1333.90,569860
893,SHRIRAMFIN,2023-01-11,2023,1319.10,1343.85,1334.00,1334.50,289049
894,SHRIRAMFIN,2023-01-12,2023,1305.20,1342.25,1341.50,1312.65,451870
895,SHRIRAMFIN,2023-01-13,2023,1267.60,1313.00,1310.00,1283.20,919496
896,SHRIRAMFIN,2023-01-16,2023,1269.00,1301.55,1289.00,1272.70,509856
897,SHRIRAMFIN,2023-01-17,2023,1262.90,1280.65,1277.75,1271.65,633527
898,SHRIRAMFIN,2023-01-18,2023,1256.15,1291.75,1278.00,1284.00,475166
899,SHRIRAMFIN,2023-01-19,2023,1272.30,1297.35,1284.00,1294.80,497959
900,SHRIRAMFIN,2023-01-20,2023,1266.40,1294.00,1294.00,1277.30,396914
901,SHRIRAMFIN,2023-01-23,2023,1274.90,1296.95,1282.10,1284.60,253966
902,SHRIRAMFIN,2023-01-24,2023,1263.00,1292.80,1287.90,1265.30,212299
903,SHRIRAMFIN,2023-01-25,2023,1230.00,1270.65,1268.55,1254.20,426186
904,SHRIRAMFIN,2023-01-27,2023,1230.05,1284.00,1255.00,1241.05,482105
905,SHRIRAMFIN,2023-01-30,2023,1227.40,1264.90,1239.00,1243.85,1181135
906,SHRIRAMFIN,2023-01-31,2023,1233.40,1295.40,1247.60,1286.60,1210700
907,SHRIRAMFIN,2023-02-01,2023,1278.20,1366.90,1328.00,1297.35,1587326
908,SHRIRAMFIN,2023-02-02,2023,1253.00,1299.60,1292.90,1264.50,510516
909,SHRIRAMFIN,2023-02-03,2023,1250.00,1284.20,1271.20,1279.05,520118
910,SHRIRAMFIN,2023-02-06,2023,1260.00,1297.60,1260.00,1293.65,417671
911,SHRIRAMFIN,2023-02-07,2023,1279.00,1303.00,1293.90,1291.30,388156
912,SHRIRAMFIN,2023-02-08,2023,1290.05,1310.80,1297.80,1307.65,343154
913,SHRIRAMFIN,2023-02-09,2023,1298.55,1317.45,1308.50,1315.05,287531
914,SHRIRAMFIN,2023-02-10,2023,1267.70,1320.00,1320.00,1278.60,671726
915,SHRIRAMFIN,2023-02-13,2023,1253.00,1284.70,1278.60,1256.10,357878
916,SHRIRAMFIN,2023-02-14,2023,1249.90,1274.50,1262.00,1270.20,210017
917,SHRIRAMFIN,2023-02-15,2023,1257.00,1277.90,1265.50,1272.70,247214
918,SHRIRAMFIN,2023-02-16,2023,1246.35,1282.30,1282.00,1258.70,660983
919,SHRIRAMFIN,2023-02-17,2023,1230.50,1261.30,1249.90,1234.10,415463
920,SHRIRAMFIN,2023-02-20,2023,1234.20,1258.80,1258.80,1237.20,461821
921,SHRIRAMFIN,2023-02-21,2023,1211.00,1252.65,1247.00,1214.95,432710
922,SHRIRAMFIN,2023-02-22,2023,1195.10,1221.30,1211.00,1208.05,650647
923,SHRIRAMFIN,2023-02-23,2023,1195.10,1215.25,1209.95,1200.30,328241
924,SHRIRAMFIN,2023-02-24,2023,1200.90,1222.00,1202.80,1218.45,492821
925,SHRIRAMFIN,2023-02-27,2023,1192.00,1220.60,1218.45,1202.90,287505
926,SHRIRAMFIN,2023-02-28,2023,1190.00,1212.65,1205.00,1203.35,2652122
927,SHRIRAMFIN,2023-03-01,2023,1205.00,1231.45,1207.00,1221.65,582647
928,SHRIRAMFIN,2023-03-02,2023,1193.00,1224.90,1223.00,1209.60,544128
929,SHRIRAMFIN,2023-03-03,2023,1210.35,1229.00,1215.65,1216.90,367345
930,SHRIRAMFIN,2023-03-06,2023,1220.00,1249.05,1220.00,1246.85,629184
931,SHRIRAMFIN,2023-03-08,2023,1221.10,1294.90,1245.00,1270.45,10340585
932,SHRIRAMFIN,2023-03-09,2023,1275.00,1314.70,1279.95,1290.40,1604402
933,SHRIRAMFIN,2023-03-10,2023,1258.45,1285.00,1284.95,1269.65,289325
934,SHRIRAMFIN,2023-03-10,2023,1258.45,1285.00,1284.95,1269.65,289325
935,SHRIRAMFIN,2023-03-13,2023,1251.70,1283.85,1270.75,1258.05,736766
936,SHRIRAMFIN,2023-03-14,2023,1223.00,1258.00,1251.05,1239.00,628358
937,SHRIRAMFIN,2023-03-15,2023,1225.40,1254.05,1251.00,1229.55,397410
938,SHRIRAMFIN,2023-03-16,2023,1228.70,1260.85,1232.00,1250.20,797714
939,SHRIRAMFIN,2023-03-17,2023,1236.80,1267.95,1256.50,1246.00,836522
940,SHRIRAMFIN,2023-03-20,2023,1203.55,1274.90,1274.90,1219.70,680483
941,SHRIRAMFIN,2023-03-21,2023,1218.10,1288.65,1233.40,1260.50,1015872
942,SHRIRAMFIN,2023-03-22,2023,1241.70,1264.80,1261.95,1246.15,362950
943,SHRIRAMFIN,2023-03-23,2023,1234.00,1264.15,1242.00,1260.55,428237
944,SHRIRAMFIN,2023-03-24,2023,1225.00,1259.30,1254.30,1233.20,858054
945,SHRIRAMFIN,2023-03-27,2023,1205.65,1233.00,1232.00,1209.40,389678
946,SHRIRAMFIN,2023-03-28,2023,1202.15,1234.30,1211.05,1225.90,521025
947,SHRIRAMFIN,2023-03-29,2023,1221.50,1260.00,1225.90,1251.80,329827
948,SHRIRAMFIN,2023-03-31,2023,1253.00,1281.90,1253.00,1259.40,897987
949,SHRIRAMFIN,2023-04-03,2023,1266.00,1291.00,1266.00,1286.45,459492
950,SHRIRAMFIN,2023-04-05,2023,1274.45,1294.20,1281.00,1289.05,342106
951,SHRIRAMFIN,2023-04-06,2023,1280.15,1307.00,1286.00,1303.85,285678
952,SHRIRAMFIN,2023-04-10,2023,1285.05,1307.00,1303.85,1304.75,126077
953,SHRIRAMFIN,2023-04-11,2023,1277.00,1310.00,1304.75,1295.30,463230
954,SHRIRAMFIN,2023-04-12,2023,1288.55,1312.00,1299.00,1309.00,536120
955,SHRIRAMFIN,2023-04-13,2023,1292.00,1308.95,1308.95,1296.60,154923
956,SHRIRAMFIN,2023-04-17,2023,1295.90,1327.00,1300.00,1321.35,585482
957,SHRIRAMFIN,2023-04-18,2023,1319.00,1345.00,1327.25,1339.20,520458
958,SHRIRAMFIN,2023-04-19,2023,1337.55,1369.90,1347.35,1366.55,529941
959,SHRIRAMFIN,2023-04-19,2023,1337.55,1369.90,1347.35,1366.55,529941
960,SHRIRAMFIN,2023-04-20,2023,1335.85,1373.55,1370.05,1339.35,394557
961,SHRIRAMFIN,2023-04-21,2023,1341.05,1361.75,1355.40,1358.85,306722
962,SHRIRAMFIN,2023-04-24,2023,1356.20,1411.80,1361.00,1392.60,696858
963,SHRIRAMFIN,2023-04-25,2023,1395.10,1469.30,1399.70,1432.75,2292627
964,SHRIRAMFIN,2023-04-26,2023,1382.00,1439.85,1439.85,1406.15,936077
965,SHRIRAMFIN,2023-04-27,2023,1382.00,1412.00,1400.00,1405.55,1071163
966,SHRIRAMFIN,2023-04-28,2023,1309.00,1365.00,1350.00,1332.60,3075649
967,SHRIRAMFIN,2023-05-02,2023,1321.65,1353.30,1348.90,1325.30,889058
968,SHRIRAMFIN,2023-05-03,2023,1316.25,1335.70,1323.05,1319.05,480881
969,SHRIRAMFIN,2023-05-04,2023,1316.00,1331.00,1326.00,1327.70,521108
970,SHRIRAMFIN,2023-05-05,2023,1316.25,1347.35,1328.00,1318.85,373515
971,SHRIRAMFIN,2023-05-08,2023,1318.85,1355.00,1329.00,1347.90,629269
972,SHRIRAMFIN,2023-05-09,2023,1345.70,1400.00,1358.70,1348.25,943591
973,SHRIRAMFIN,2023-05-10,2023,1330.50,1361.00,1361.00,1353.05,544299
974,SHRIRAMFIN,2023-05-11,2023,1340.05,1369.90,1351.10,1364.30,335168
975,SHRIRAMFIN,2023-05-12,2023,1341.00,1374.65,1364.95,1349.75,373700
976,SHRIRAMFIN,2023-05-15,2023,1336.05,1367.60,1353.00,1340.60,662823
977,SHRIRAMFIN,2023-05-16,2023,1325.00,1360.30,1350.00,1328.60,1007426
978,SHRIRAMFIN,2023-05-17,2023,1325.10,1350.60,1329.00,1344.20,375324
979,SHRIRAMFIN,2023-05-18,2023,1329.45,1357.00,1352.45,1346.10,637838
980,SHRIRAMFIN,2023-05-19,2023,1333.00,1356.90,1356.90,1339.30,691565
981,SHRIRAMFIN,2023-05-22,2023,1306.00,1337.90,1336.00,1319.30,744812
982,SHRIRAMFIN,2023-05-23,2023,1320.35,1380.35,1323.95,1363.30,724363
983,SHRIRAMFIN,2023-05-24,2023,1356.20,1390.00,1362.70,1369.65,998284
984,SHRIRAMFIN,2023-05-25,2023,1358.35,1388.00,1369.65,1375.35,475274
985,SHRIRAMFIN,2023-05-26,2023,1365.00,1386.15,1375.35,1383.60,524563
986,SHRIRAMFIN,2023-05-29,2023,1383.60,1423.40,1388.00,1408.80,1175769
987,SHRIRAMFIN,2023-05-29,2023,1383.60,1423.40,1388.00,1408.80,1175769
988,SHRIRAMFIN,2023-05-30,2023,1405.70,1421.20,1411.50,1416.80,789757
989,SHRIRAMFIN,2023-05-31,2023,1391.40,1419.90,1417.65,1399.75,1216121
990,SHRIRAMFIN,2023-06-01,2023,1399.75,1418.50,1399.75,1410.25,580575
991,SHRIRAMFIN,2023-06-02,2023,1404.20,1424.20,1415.35,1413.35,736009
992,SHRIRAMFIN,2023-06-05,2023,1397.65,1427.15,1421.00,1400.95,502008
993,SHRIRAMFIN,2023-06-06,2023,1385.75,1419.75,1407.45,1408.90,355440
994,SHRIRAMFIN,2023-06-07,2023,1390.00,1426.00,1400.00,1408.35,759808
995,SHRIRAMFIN,2023-06-08,2023,1400.00,1449.00,1413.00,1410.95,806116
996,SHRIRAMFIN,2023-06-09,2023,1409.00,1438.80,1410.00,1417.20,487176
997,SHRIRAMFIN,2023-06-12,2023,1417.00,1461.25,1425.00,1452.35,590220
998,SHRIRAMFIN,2023-06-13,2023,1435.00,1461.00,1458.10,1443.40,660172
999,SHRIRAMFIN,2023-06-14,2023,1402.25,1450.00,1450.00,1407.80,723458
1000,SHRIRAMFIN,2023-06-15,2023,1404.00,1420.00,1414.00,1414.20,549578
1001,SHRIRAMFIN,2023-06-16,2023,1390.10,1411.00,1406.50,1401.50,1379509
1002,SHRIRAMFIN,2023-06-19,2023,1452.80,1500.90,1473.00,1469.85,3194059
1003,SHRIRAMFIN,2023-06-20,2023,1456.05,1572.70,1470.00,1559.65,2762920
1004,SHRIRAMFIN,2023-06-21,2023,1675.00,1793.55,1715.60,1734.35,13465423
1005,SHRIRAMFIN,2023-06-22,2023,1691.70,1765.00,1765.00,1718.75,4139057
1006,SHRIRAMFIN,2023-06-23,2023,1641.85,1708.55,1693.05,1676.65,5355116
1007,SHRIRAMFIN,2023-06-26,2023,1642.25,1713.45,1668.70,1703.35,1805538
1008,SHRIRAMFIN,2023-06-27,2023,1660.00,1728.55,1704.00,1696.15,1850182
1009,SHRIRAMFIN,2023-06-28,2023,1689.15,1718.35,1710.00,1701.00,1811702
1010,SHRIRAMFIN,2023-06-30,2023,1697.80,1766.95,1701.10,1735.20,2669645
1011,SHRIRAMFIN,2023-07-03,2023,1743.10,1777.90,1752.70,1757.95,1569786
1012,SHRIRAMFIN,2023-07-04,2023,1740.00,1793.20,1772.00,1777.70,1789715
1013,SHRIRAMFIN,2023-07-05,2023,1768.90,1828.00,1778.00,1802.25,2631621
1014,SHRIRAMFIN,2023-07-06,2023,1767.25,1801.60,1801.60,1771.35,923275
1015,SHRIRAMFIN,2023-07-07,2023,1712.00,1779.00,1775.00,1718.60,1341026
1016,SHRIRAMFIN,2023-07-10,2023,1703.85,1730.40,1728.95,1723.20,1285015
1017,SHRIRAMFIN,2023-07-11,2023,1726.15,1777.55,1729.90,1760.70,1217122
1018,SHRIRAMFIN,2023-07-12,2023,1759.70,1817.95,1760.10,1805.50,1307460
1019,SHRIRAMFIN,2023-07-13,2023,1783.00,1829.20,1817.50,1789.00,1243663
1020,SHRIRAMFIN,2023-07-14,2023,1772.65,1811.35,1800.00,1783.90,898440
1021,SHRIRAMFIN,2023-07-17,2023,1755.20,1792.05,1786.10,1769.50,844775
1022,SHRIRAMFIN,2023-07-18,2023,1770.00,1801.20,1778.80,1784.15,1561175
1023,SHRIRAMFIN,2023-07-19,2023,1772.80,1794.70,1784.00,1785.75,1193625
1024,SHRIRAMFIN,2023-07-20,2023,1778.00,1798.50,1785.00,1782.85,575685
1025,SHRIRAMFIN,2023-07-21,2023,1775.00,1868.15,1778.45,1831.50,3110254
1026,SHRIRAMFIN,2023-07-24,2023,1780.00,1847.95,1840.80,1796.30,6030098
1027,SHRIRAMFIN,2023-07-25,2023,1796.00,1830.95,1830.90,1823.50,1404057
1028,SHRIRAMFIN,2023-07-26,2023,1808.70,1835.40,1826.00,1819.15,799002
1029,SHRIRAMFIN,2023-07-27,2023,1786.55,1849.10,1838.00,1811.65,2325312
1030,SHRIRAMFIN,2023-07-28,2023,1790.00,1838.30,1826.05,1817.85,1181146
1031,SHRIRAMFIN,2023-07-31,2023,1818.05,1898.00,1831.45,1893.15,1555772
1032,SHRIRAMFIN,2023-08-01,2023,1845.00,1901.00,1893.15,1853.70,1069042
1033,SHRIRAMFIN,2023-08-02,2023,1801.65,1866.25,1860.00,1833.15,1526197
1034,SHRIRAMFIN,2023-08-03,2023,1791.50,1838.60,1829.00,1818.45,763341
1035,SHRIRAMFIN,2023-08-04,2023,1802.05,1843.70,1825.00,1837.00,1091120
1036,SHRIRAMFIN,2023-08-07,2023,1833.15,1860.00,1840.90,1854.80,985237
1037,SHRIRAMFIN,2023-08-08,2023,1840.00,1874.75,1854.90,1861.40,1971951
1038,SHRIRAMFIN,2023-08-09,2023,1840.00,1875.90,1873.00,1848.90,1268060
1039,SHRIRAMFIN,2023-08-10,2023,1840.00,1873.90,1854.65,1850.70,1079592
1040,SHRIRAMFIN,2023-08-11,2023,1804.10,1850.05,1850.00,1807.95,1026658
1041,SHRIRAMFIN,2023-08-14,2023,1774.55,1819.30,1807.95,1813.55,919664
1042,SHRIRAMFIN,2023-08-16,2023,1760.10,1816.65,1813.80,1796.00,1808084
1043,SHRIRAMFIN,2023-08-17,2023,1811.95,1870.00,1811.95,1844.40,1361032
1044,SHRIRAMFIN,2023-08-17,2023,1811.95,1870.00,1811.95,1844.40,1361032
1045,SHRIRAMFIN,2023-08-18,2023,1808.05,1852.00,1852.00,1820.45,857330
1046,SHRIRAMFIN,2023-08-21,2023,1814.65,1855.00,1820.00,1843.25,1373050
1047,SHRIRAMFIN,2023-08-22,2023,1830.70,1853.95,1853.95,1845.05,978416
1048,SHRIRAMFIN,2023-08-23,2023,1821.15,1856.35,1849.00,1852.20,495096
1049,SHRIRAMFIN,2023-08-24,2023,1855.00,1931.75,1855.00,1875.50,1617054
1050,SHRIRAMFIN,2023-08-25,2023,1837.00,1879.70,1865.00,1864.15,961277
1051,SHRIRAMFIN,2023-08-28,2023,1846.15,1870.95,1869.95,1861.85,934029
1052,SHRIRAMFIN,2023-08-29,2023,1846.80,1878.00,1867.00,1872.25,583981
1053,SHRIRAMFIN,2023-08-30,2023,1867.80,1920.00,1872.00,1884.10,728983
1054,SHRIRAMFIN,2023-08-31,2023,1889.10,1939.00,1895.00,1928.30,2527974
1055,SHRIRAMFIN,2023-09-01,2023,1906.85,1935.95,1930.00,1912.05,751207
1056,SHRIRAMFIN,2023-09-04,2023,1889.25,1945.00,1917.00,1893.90,1579913
1057,SHRIRAMFIN,2023-09-05,2023,1880.20,1929.95,1903.80,1913.50,1358719
1058,SHRIRAMFIN,2023-09-06,2023,1882.00,1927.00,1919.90,1892.60,1381672
1059,SHRIRAMFIN,2023-09-07,2023,1870.65,1900.80,1895.00,1893.70,1207095
1060,SHRIRAMFIN,2023-09-08,2023,1902.80,1959.95,1910.00,1953.85,1457511
1061,SHRIRAMFIN,2023-09-11,2023,1938.15,1971.80,1971.80,1957.20,1313092
1062,SHRIRAMFIN,2023-09-12,2023,1891.35,1969.85,1969.85,1911.15,1380614
1063,SHRIRAMFIN,2023-09-13,2023,1877.20,1920.00,1902.05,1910.35,1303584
1064,SHRIRAMFIN,2023-09-14,2023,1905.60,1927.75,1920.00,1915.40,1045117
1065,SHRIRAMFIN,2023-09-15,2023,1906.00,1933.65,1927.95,1922.25,1354629
1066,SHRIRAMFIN,2023-09-18,2023,1901.45,1924.60,1916.15,1912.50,633362
1067,SHRIRAMFIN,2023-09-20,2023,1892.95,1945.00,1900.00,1917.90,805659
1068,SHRIRAMFIN,2023-09-21,2023,1891.00,1924.00,1914.70,1900.30,500996
1069,SHRIRAMFIN,2023-09-22,2023,1881.00,1929.70,1900.30,1890.95,560957
1070,SHRIRAMFIN,2023-09-25,2023,1860.65,1959.35,1890.95,1945.55,2065421
1071,SHRIRAMFIN,2023-09-26,2023,1871.00,1943.10,1942.00,1884.60,1194660
1072,SHRIRAMFIN,2023-09-26,2023,1871.00,1943.10,1942.00,1884.60,1194660
1073,SHRIRAMFIN,2023-09-27,2023,1880.25,1913.40,1898.00,1892.40,643299
1074,SHRIRAMFIN,2023-09-28,2023,1856.35,1912.40,1909.30,1871.45,4327334
1075,SHRIRAMFIN,2023-09-29,2023,1865.60,1930.95,1872.70,1919.35,1381785
1076,SHRIRAMFIN,2023-10-03,2023,1881.00,1939.90,1938.00,1921.95,2207907
1077,SHRIRAMFIN,2023-10-04,2023,1841.50,1919.95,1909.00,1850.60,1340167
1078,SHRIRAMFIN,2023-10-05,2023,1823.00,1872.95,1852.00,1837.50,1479477
1079,SHRIRAMFIN,2023-10-06,2023,1835.00,1863.00,1850.95,1848.85,1262390
1080,SHRIRAMFIN,2023-10-09,2023,1803.65,1840.85,1840.05,1820.90,1070824
1081,SHRIRAMFIN,2023-10-10,2023,1815.20,1896.75,1840.00,1892.85,1675512
1082,SHRIRAMFIN,2023-10-11,2023,1885.55,1920.50,1907.05,1898.60,912283
1083,SHRIRAMFIN,2023-10-12,2023,1875.00,1908.55,1908.55,1878.10,662797
1084,SHRIRAMFIN,2023-10-13,2023,1870.40,1886.75,1874.85,1880.95,596784
1085,SHRIRAMFIN,2023-10-16,2023,1855.60,1885.00,1880.95,1867.55,492792
1086,SHRIRAMFIN,2023-10-17,2023,1872.00,1892.90,1878.45,1888.45,675654
1087,SHRIRAMFIN,2023-10-18,2023,1852.55,1890.85,1888.40,1866.20,504913
1088,SHRIRAMFIN,2023-10-19,2023,1823.45,1890.00,1837.00,1878.85,619940
1089,SHRIRAMFIN,2023-10-20,2023,1866.00,1885.75,1876.50,1876.70,441245
1090,SHRIRAMFIN,2023-10-23,2023,1866.00,1916.00,1874.80,1880.00,2073056
1091,SHRIRAMFIN,2023-10-25,2023,1792.00,1886.85,1871.55,1816.15,1369841
1092,SHRIRAMFIN,2023-10-26,2023,1760.85,1818.85,1816.15,1797.60,958593
1093,SHRIRAMFIN,2023-10-27,2023,1851.00,2029.70,1851.00,1935.20,5011333
1094,SHRIRAMFIN,2023-10-30,2023,1865.25,1935.20,1935.00,1892.20,2037598
1095,SHRIRAMFIN,2023-10-31,2023,1870.70,1906.95,1902.00,1879.85,1691067
1096,SHRIRAMFIN,2023-11-01,2023,1876.15,1907.00,1884.00,1902.25,758859
1097,SHRIRAMFIN,2023-11-02,2023,1902.80,1965.00,1913.50,1954.85,857752
1098,SHRIRAMFIN,2023-11-03,2023,1952.05,2027.95,1962.50,2013.55,1864454
1099,SHRIRAMFIN,2023-11-06,2023,1982.00,2012.40,2008.95,1991.50,1126831
1100,SHRIRAMFIN,2023-11-07,2023,1954.25,2005.40,1999.90,1987.20,1761418
1101,SHRIRAMFIN,2023-11-08,2023,1971.25,1992.65,1987.20,1979.65,705075
1102,SHRIRAMFIN,2023-11-09,2023,1940.00,1970.00,1970.00,1943.40,995069
1103,SHRIRAMFIN,2023-11-10,2023,1926.90,1965.95,1940.00,1952.20,486020
1104,SHRIRAMFIN,2023-11-12,2023,1957.10,1969.70,1958.50,1963.25,46003
1105,SHRIRAMFIN,2023-11-13,2023,1930.20,1973.00,1957.40,1967.80,555900
1106,SHRIRAMFIN,2023-11-15,2023,1975.10,2041.20,1985.25,2035.75,1269373
1107,SHRIRAMFIN,2023-11-16,2023,2015.50,2051.00,2036.80,2035.75,636899
1108,SHRIRAMFIN,2023-11-17,2023,1981.10,2018.95,2018.95,1994.80,1093774
1109,SHRIRAMFIN,2023-11-20,2023,1977.80,2009.80,1995.00,1988.95,572596
1110,SHRIRAMFIN,2023-11-21,2023,1980.20,2019.80,2000.00,1999.85,1017891
1111,SHRIRAMFIN,2023-11-22,2023,1953.25,2010.00,2004.95,1977.10,527815
1112,SHRIRAMFIN,2023-11-23,2023,1970.00,1998.90,1978.00,1974.85,305865
1113,SHRIRAMFIN,2023-11-24,2023,1941.10,1980.00,1974.85,1947.50,475859
1114,SHRIRAMFIN,2023-11-28,2023,1934.55,1970.00,1951.80,1965.70,720833
1115,SHRIRAMFIN,2023-11-29,2023,1960.00,1981.40,1965.70,1974.35,659944
1116,SHRIRAMFIN,2023-11-30,2023,1971.30,2020.00,1973.05,2007.20,2200458
1117,SHRIRAMFIN,2023-12-01,2023,1997.00,2029.90,2014.00,2003.25,606990
1118,SHRIRAMFIN,2023-12-04,2023,2007.25,2108.00,2025.00,2094.45,1872166
1119,SHRIRAMFIN,2023-12-05,2023,2043.05,2098.85,2094.45,2069.95,1659380
1120,SHRIRAMFIN,2023-12-06,2023,2045.00,2084.10,2077.00,2055.70,719690
1121,SHRIRAMFIN,2023-12-07,2023,2030.00,2070.00,2060.95,2034.80,780832
1122,SHRIRAMFIN,2023-12-08,2023,2014.70,2057.50,2050.00,2031.60,843673
1123,SHRIRAMFIN,2023-12-11,2023,2015.45,2067.90,2031.60,2047.10,989693
1124,SHRIRAMFIN,2023-12-12,2023,1988.05,2065.00,2065.00,1995.25,1431809
1125,SHRIRAMFIN,2023-12-13,2023,1976.05,2011.70,2009.95,1995.30,1594654
1126,SHRIRAMFIN,2023-12-14,2023,2005.10,2130.00,2006.00,2118.30,2384904
1127,SHRIRAMFIN,2023-12-15,2023,2070.10,2121.60,2117.00,2077.70,2245653
1128,SHRIRAMFIN,2023-12-15,2023,2070.10,2121.60,2117.00,2077.70,2245653
1129,SHRIRAMFIN,2023-12-18,2023,2042.90,2078.55,2076.80,2048.00,840682
1130,SHRIRAMFIN,2023-12-19,2023,2040.00,2082.65,2058.80,2059.55,2214192
1131,SHRIRAMFIN,2023-12-20,2023,1990.00,2111.95,2061.00,1998.75,1887125
1132,SHRIRAMFIN,2023-12-21,2023,1972.00,2047.90,1997.30,2016.85,1881198
1133,SHRIRAMFIN,2023-12-22,2023,2016.50,2069.00,2029.90,2055.45,1385775
1134,SHRIRAMFIN,2023-12-26,2023,2028.10,2076.80,2072.00,2035.75,964595
1135,SHRIRAMFIN,2023-12-27,2023,2035.80,2065.50,2041.05,2049.90,750019
1136,SHRIRAMFIN,2023-12-28,2023,2036.10,2064.80,2064.80,2045.65,657669
1137,SHRIRAMFIN,2023-12-29,2023,2037.95,2068.00,2052.50,2053.30,1058202
1138,SHRIRAMFIN,2024-01-01,2024,2041.10,2060.00,2055.55,2048.85,304722
1139,SHRIRAMFIN,2024-01-02,2024,2016.00,2059.75,2050.00,2030.05,1077927
1140,SHRIRAMFIN,2024-01-03,2024,2029.00,2098.00,2035.00,2090.05,1357534
1141,SHRIRAMFIN,2024-01-04,2024,2090.20,2152.50,2100.00,2148.15,1539021
1142,SHRIRAMFIN,2024-01-05,2024,2119.45,2176.75,2153.00,2172.40,1622887
1143,SHRIRAMFIN,2024-01-08,2024,2163.55,2225.00,2184.00,2196.35,1497595
1144,SHRIRAMFIN,2024-01-09,2024,2150.60,2223.05,2206.60,2167.85,1092689
1145,SHRIRAMFIN,2024-01-10,2024,2135.70,2187.85,2180.00,2150.00,494145
1146,SHRIRAMFIN,2024-01-11,2024,2204.00,2289.85,2217.95,2279.75,2932789
1147,SHRIRAMFIN,2024-01-12,2024,2260.10,2303.10,2292.80,2292.80,1037456
1148,SHRIRAMFIN,2024-01-15,2024,2280.00,2325.00,2303.10,2319.55,556738
1149,SHRIRAMFIN,2024-01-16,2024,2295.05,2334.95,2325.00,2309.70,1329590
1150,SHRIRAMFIN,2024-01-17,2024,2240.00,2317.85,2294.00,2288.00,1061729
1151,SHRIRAMFIN,2024-01-18,2024,2196.55,2287.30,2271.00,2255.40,1576710
1152,SHRIRAMFIN,2024-01-19,2024,2271.00,2321.95,2271.00,2301.85,1059357
1153,SHRIRAMFIN,2024-01-20,2024,2288.00,2339.95,2330.00,2299.00,100445
1154,SHRIRAMFIN,2024-01-23,2024,2247.60,2313.95,2287.05,2279.50,2199854
1155,SHRIRAMFIN,2024-01-24,2024,2209.55,2315.00,2233.85,2302.45,1700346
1156,SHRIRAMFIN,2024-01-24,2024,2209.55,2315.00,2233.85,2302.45,1700346
1157,SHRIRAMFIN,2024-01-25,2024,2292.00,2352.95,2317.80,2307.15,1065564
1158,SHRIRAMFIN,2024-01-29,2024,2302.15,2442.00,2432.00,2409.00,3579015
1159,SHRIRAMFIN,2024-01-30,2024,2409.00,2496.55,2409.00,2452.95,2847759
1160,SHRIRAMFIN,2024-01-31,2024,2400.50,2479.60,2450.00,2466.80,1914672
1161,SHRIRAMFIN,2024-02-01,2024,2388.60,2438.95,2411.00,2397.20,2120344
1162,SHRIRAMFIN,2024-02-02,2024,2385.60,2421.15,2397.50,2405.50,881037
1163,SHRIRAMFIN,2024-02-05,2024,2347.20,2432.40,2419.00,2357.10,398680
1164,SHRIRAMFIN,2024-02-06,2024,2323.65,2403.90,2360.00,2396.45,1502283
1165,SHRIRAMFIN,2024-02-07,2024,2396.45,2459.15,2397.95,2413.65,1046050
1166,SHRIRAMFIN,2024-02-08,2024,2340.80,2425.00,2425.00,2347.95,886197
1167,SHRIRAMFIN,2024-02-09,2024,2291.50,2354.05,2347.95,2334.10,580610
1168,SHRIRAMFIN,2024-02-12,2024,2254.85,2352.95,2335.00,2262.25,569008
1169,SHRIRAMFIN,2024-02-13,2024,2235.25,2343.50,2267.00,2330.65,1796922
1170,SHRIRAMFIN,2024-02-14,2024,2280.20,2404.60,2285.00,2393.30,737277
1171,SHRIRAMFIN,2024-02-15,2024,2412.00,2463.40,2437.20,2437.60,1144317
1172,SHRIRAMFIN,2024-02-16,2024,2433.85,2459.80,2440.00,2449.40,919312
1173,SHRIRAMFIN,2024-02-19,2024,2416.55,2461.95,2449.40,2439.90,690282
1174,SHRIRAMFIN,2024-02-20,2024,2395.30,2444.85,2439.90,2416.65,879341
1175,SHRIRAMFIN,2024-02-21,2024,2345.05,2415.05,2413.80,2355.95,733175
1176,SHRIRAMFIN,2024-02-22,2024,2333.05,2399.70,2359.10,2395.20,514244
1177,SHRIRAMFIN,2024-02-23,2024,2388.10,2457.00,2398.50,2445.45,1144665
1178,SHRIRAMFIN,2024-02-26,2024,2447.95,2535.00,2449.90,2485.15,1197803
1179,SHRIRAMFIN,2024-02-27,2024,2257.00,2509.35,2475.00,2372.40,4102754
1180,SHRIRAMFIN,2024-02-28,2024,2307.90,2437.95,2392.00,2348.80,2223882
1181,SHRIRAMFIN,2024-02-29,2024,2351.15,2455.10,2399.00,2438.60,4046471
1182,SHRIRAMFIN,2024-03-01,2024,2435.00,2473.85,2469.50,2450.45,1100074
1183,SHRIRAMFIN,2024-03-02,2024,2454.05,2468.50,2454.05,2457.15,24657
1184,SHRIRAMFIN,2024-03-04,2024,2419.00,2465.00,2460.00,2446.50,533339
1185,SHRIRAMFIN,2024-03-04,2024,2419.00,2465.00,2460.00,2446.50,533339
1186,SHRIRAMFIN,2024-03-05,2024,2411.00,2455.85,2411.00,2431.50,1238034
1187,SHRIRAMFIN,2024-03-06,2024,2348.90,2453.00,2444.00,2374.60,1348944
1188,SHRIRAMFIN,2024-03-07,2024,2374.60,2455.40,2374.60,2449.55,1192798
1189,SHRIRAMFIN,2024-03-11,2024,2420.65,2499.90,2446.00,2480.95,2275471
1190,SHRIRAMFIN,2024-03-12,2024,2410.20,2484.00,2484.00,2421.75,1441342
1191,SHRIRAMFIN,2024-03-13,2024,2300.10,2439.70,2434.90,2321.40,1623771
1192,SHRIRAMFIN,2024-03-14,2024,2266.15,2327.95,2315.00,2291.50,2022357
1193,SHRIRAMFIN,2024-03-15,2024,2251.00,2315.00,2294.00,2266.80,1451472
1194,SHRIRAMFIN,2024-03-18,2024,2264.75,2332.90,2265.00,2308.95,1174081
1195,SHRIRAMFIN,2024-03-19,2024,2277.55,2342.90,2323.00,2287.00,1323965
1196,SHRIRAMFIN,2024-03-20,2024,2280.00,2327.90,2290.00,2314.20,905285
1197,SHRIRAMFIN,2024-03-21,2024,2290.00,2354.95,2322.70,2310.80,1739724
1198,SHRIRAMFIN,2024-03-22,2024,2305.15,2358.70,2339.00,2330.70,1273555
1199,SHRIRAMFIN,2024-03-26,2024,2279.95,2389.40,2281.00,2372.55,2138717
1200,SHRIRAMFIN,2024-03-27,2024,2345.00,2430.00,2410.00,2386.35,15446440
1201,SHRIRAMFIN,2024-03-28,2024,2338.25,2394.55,2374.05,2359.80,2325088
1202,SHRIRAMFIN,2024-04-01,2024,2366.05,2437.00,2371.00,2431.75,845782
1203,SHRIRAMFIN,2024-04-02,2024,2429.95,2471.30,2430.00,2465.95,886622
1204,SHRIRAMFIN,2024-04-03,2024,2458.80,2566.80,2477.00,2556.45,2317699
1205,SHRIRAMFIN,2024-04-04,2024,2486.00,2574.95,2574.95,2499.30,1403997
1206,SHRIRAMFIN,2024-04-05,2024,2498.10,2532.00,2510.55,2518.85,650696
1207,SHRIRAMFIN,2024-04-08,2024,2527.00,2580.30,2542.95,2569.20,735781
1208,SHRIRAMFIN,2024-04-09,2024,2523.10,2605.65,2590.00,2550.40,953375
1209,SHRIRAMFIN,2024-04-10,2024,2519.50,2566.25,2559.95,2528.05,700885
1210,SHRIRAMFIN,2024-04-12,2024,2478.90,2519.95,2519.95,2485.60,828911
1211,SHRIRAMFIN,2024-04-15,2024,2408.05,2493.00,2493.00,2414.65,950138
1212,SHRIRAMFIN,2024-04-16,2024,2368.35,2424.00,2400.00,2400.75,806605
1213,SHRIRAMFIN,2024-04-18,2024,2361.10,2442.25,2419.90,2371.45,1358237
1214,SHRIRAMFIN,2024-04-19,2024,2325.10,2378.65,2349.85,2366.55,959432
1215,SHRIRAMFIN,2024-04-22,2024,2374.00,2432.30,2390.00,2424.65,697940
1216,SHRIRAMFIN,2024-04-23,2024,2417.10,2456.40,2441.95,2426.95,578517
1217,SHRIRAMFIN,2024-04-24,2024,2418.00,2481.70,2427.00,2461.05,1691860
1218,SHRIRAMFIN,2024-04-25,2024,2422.25,2504.30,2459.00,2491.85,2917532
1219,SHRIRAMFIN,2024-04-26,2024,2337.00,2536.95,2512.50,2498.60,4162052
1220,SHRIRAMFIN,2024-04-29,2024,2430.25,2576.95,2569.95,2492.20,2380923
1221,SHRIRAMFIN,2024-04-30,2024,2484.00,2578.80,2493.00,2551.70,2685245
1222,SHRIRAMFIN,2024-05-02,2024,2535.00,2599.00,2546.55,2582.10,1848695
1223,SHRIRAMFIN,2024-05-03,2024,2575.15,2658.00,2600.00,2588.55,1524429
1224,SHRIRAMFIN,2024-05-06,2024,2498.85,2608.95,2600.00,2547.55,865357
1225,SHRIRAMFIN,2024-05-07,2024,2441.65,2565.00,2547.55,2485.80,1565174
1226,SHRIRAMFIN,2024-05-08,2024,2432.75,2498.00,2483.50,2448.00,1464955
1227,SHRIRAMFIN,2024-05-09,2024,2354.20,2474.15,2448.00,2360.90,820803
1228,SHRIRAMFIN,2024-05-10,2024,2331.10,2406.70,2374.00,2344.35,2196930
1229,SHRIRAMFIN,2024-05-13,2024,2278.75,2354.65,2345.00,2301.80,1678069
1230,SHRIRAMFIN,2024-05-14,2024,2316.80,2417.85,2345.00,2330.35,2475207
1231,SHRIRAMFIN,2024-05-15,2024,2303.05,2342.00,2338.00,2320.00,853936
1232,SHRIRAMFIN,2024-05-16,2024,2265.00,2345.80,2337.00,2338.70,2489109
1233,SHRIRAMFIN,2024-05-17,2024,2321.00,2386.65,2344.00,2371.60,945827
1234,SHRIRAMFIN,2024-05-18,2024,2355.05,2394.90,2379.80,2370.45,59452
1235,SHRIRAMFIN,2024-05-21,2024,2348.65,2389.50,2370.00,2373.25,787116
1236,SHRIRAMFIN,2024-05-22,2024,2332.10,2379.85,2373.25,2336.75,693108
1237,SHRIRAMFIN,2024-05-23,2024,2328.50,2409.70,2346.00,2400.45,1102552
1238,SHRIRAMFIN,2024-05-23,2024,2328.50,2409.70,2346.00,2400.45,1102552
1239,SHRIRAMFIN,2024-05-24,2024,2362.70,2428.95,2399.85,2397.50,975465
1240,SHRIRAMFIN,2024-05-27,2024,2376.00,2423.50,2410.00,2380.00,679642
1241,SHRIRAMFIN,2024-05-28,2024,2375.00,2433.00,2390.00,2393.70,1298782
1242,SHRIRAMFIN,2024-05-29,2024,2358.00,2397.65,2375.05,2374.65,439586
1243,SHRIRAMFIN,2024-05-30,2024,2292.00,2380.00,2366.00,2302.70,1337633
1244,SHRIRAMFIN,2024-05-31,2024,2313.65,2387.35,2318.90,2354.05,2583291
1245,SHRIRAMFIN,2024-06-03,2024,2425.25,2546.95,2450.00,2509.15,3032359
1246,SHRIRAMFIN,2024-06-04,2024,2193.00,2540.00,2540.00,2260.70,3557725
1247,SHRIRAMFIN,2024-06-05,2024,2230.00,2397.90,2241.90,2387.45,1422819
1248,SHRIRAMFIN,2024-06-06,2024,2400.05,2535.00,2430.00,2474.80,2100297
1249,SHRIRAMFIN,2024-06-07,2024,2460.05,2506.95,2479.35,2497.95,741378
1250,SHRIRAMFIN,2024-06-10,2024,2485.20,2552.50,2510.00,2519.10,969804
1251,SHRIRAMFIN,2024-06-11,2024,2490.00,2552.05,2514.95,2533.00,936270
1252,SHRIRAMFIN,2024-06-12,2024,2530.55,2583.45,2534.75,2566.95,702073
1253,SHRIRAMFIN,2024-06-13,2024,2581.10,2697.65,2592.00,2684.30,2004491
1254,SHRIRAMFIN,2024-06-14,2024,2695.05,2747.00,2712.00,2732.15,3063685
1255,SHRIRAMFIN,2024-06-18,2024,2732.35,2841.15,2748.95,2829.75,2478641
1256,SHRIRAMFIN,2024-06-19,2024,2760.00,2831.00,2829.80,2791.25,1835027
1257,SHRIRAMFIN,2024-06-20,2024,2764.75,2854.50,2804.55,2805.20,1389762
1258,SHRIRAMFIN,2024-06-21,2024,2795.00,2842.00,2810.00,2821.65,1934468
1259,SHRIRAMFIN,2024-06-24,2024,2779.85,2890.00,2819.30,2882.25,1073571
1260,SHRIRAMFIN,2024-06-25,2024,2861.65,3000.00,2883.25,2989.85,3168975
1261,SHRIRAMFIN,2024-06-26,2024,2958.60,3059.45,2985.80,2989.05,1806445
1262,SHRIRAMFIN,2024-06-27,2024,2923.95,2996.65,2987.05,2951.05,2459635
1263,SHRIRAMFIN,2024-06-28,2024,2900.00,2969.30,2951.05,2911.50,1201091
1264,SHRIRAMFIN,2024-07-01,2024,2902.05,2942.00,2902.05,2924.25,1334666
1265,SHRIRAMFIN,2024-07-02,2024,2815.65,2940.00,2927.00,2824.90,2527745
1266,SHRIRAMFIN,2024-07-02,2024,2815.65,2940.00,2927.00,2824.90,2527745
1267,SHRIRAMFIN,2024-07-03,2024,2805.55,2885.00,2840.00,2850.45,1589120
1268,SHRIRAMFIN,2024-07-04,2024,2820.00,2868.00,2867.95,2833.75,791663
1269,SHRIRAMFIN,2024-07-05,2024,2814.30,2872.25,2835.00,2865.85,1232669
1270,SHRIRAMFIN,2024-07-08,2024,2796.10,2856.00,2856.00,2808.10,813151
1271,SHRIRAMFIN,2024-07-09,2024,2775.15,2813.95,2808.90,2792.00,1271952
1272,SHRIRAMFIN,2024-07-10,2024,2705.00,2804.65,2793.95,2762.10,1660147
1273,SHRIRAMFIN,2024-07-11,2024,2714.15,2785.45,2762.10,2739.00,1137823
1274,SHRIRAMFIN,2024-07-12,2024,2750.00,2860.00,2750.00,2794.40,1806161
1275,SHRIRAMFIN,2024-07-15,2024,2807.20,2889.00,2813.0,2882.30,1480043
1276,SHRIRAMFIN,2024-07-16,2024,2802.00,2900.00,2886.9,2813.50,981418
1277,SHRIRAMFIN,2024-07-18,2024,2777.00,2873.95,2777.0,2867.30,823804
1278,SHRIRAMFIN,2024-07-19,2024,2789.35,2875.85,2860.0,2810.85,735543
1279,SHRIRAMFIN,2024-07-22,2024,2764.05,2847.95,2799.9,2827.40,543557
1280,SHRIRAMFIN,2024-07-23,2024,2663.40,2827.00,2827.0,2739.20,2445493
1281,SHRIRAMFIN,2024-07-24,2024,2665.30,2760.00,2739.0,2724.25,1026115
1282,SHRIRAMFIN,2024-07-25,2024,2635.50,2710.00,2699.5,2679.00,2089082
1283,SHRIRAMFIN,2024-07-26,2024,2690.00,3044.00,2705.8,2925.00,6439336
